boule_1,boule_2,boule_3,boule_4,boule_5,numero_chance
18,21,24,35,36,3
5,14,29,38,48,8
8,26,29,32,38,7
7,13,30,31,47,7
5,16,31,37,41,5
1,15,32,37,39,1
23,25,29,46,49,1
11,27,28,39,41,3
2,12,14,38,47,5
24,39,41,43,48,3
13,19,24,32,43,2
4,16,17,18,30,1
5,19,26,30,33,2
3,10,31,34,47,5
3,4,15,17,41,4
19,22,27,31,49,3
20,21,23,36,38,2
8,15,28,30,48,7
14,32,33,36,49,3
1,12,30,32,34,4
17,35,38,41,46,2
17,18,30,34,39,9
16,21,25,26,31,1
7,18,27,35,48,5
4,8,15,18,46,2
10,17,19,29,41,7
2,3,30,31,37,8
6,15,23,27,43,4
9,17,22,25,49,3
2,12,16,20,26,2
30,37,38,40,43,1
2,12,21,29,33,6
5,22,23,24,25,10
2,21,44,47,48,10
4,10,16,18,22,4
7,39,41,45,48,9
13,16,23,26,46,1
3,19,23,29,33,3
5,6,7,21,36,6
3,23,34,43,47,5
8,10,28,29,47,5
17,28,30,38,45,6
19,28,30,35,48,5
3,9,30,38,42,4
3,19,24,33,45,10
8,13,18,45,48,7
5,14,25,31,42,4
10,22,23,25,46,3
16,17,40,48,49,5
10,12,14,16,18,3
5,12,16,24,35,4
9,10,11,21,22,9
14,16,40,46,47,4
19,20,34,37,40,6
18,24,31,40,49,2
8,9,22,26,30,8
15,20,29,41,47,4
4,14,17,32,44,9
4,16,22,25,36,7
8,17,21,29,35,3
9,14,17,27,33,6
5,20,26,34,39,3
3,32,36,44,47,8
22,23,25,38,42,3
2,9,20,41,49,9
1,11,12,24,37,9
7,11,12,29,41,5
1,4,14,21,24,4
7,10,11,30,42,4
9,25,28,32,36,4
10,18,30,33,39,8
25,27,29,40,45,10
12,13,16,24,34,4
12,26,34,42,49,6
4,5,23,28,31,5
2,13,24,32,39,6
1,7,16,35,36,3
5,17,30,35,36,3
5,13,23,30,31,6
9,29,30,31,40,2
6,15,19,39,43,1
10,21,33,43,47,3
16,17,41,42,49,10
2,3,30,35,44,10
5,9,33,42,45,1
16,20,40,41,49,9
16,28,37,42,47,2
2,14,20,30,49,2
26,32,38,42,43,6
7,10,15,22,25,7
33,34,35,39,44,10
8,9,11,17,41,1
2,14,24,33,34,1
10,13,18,28,36,8
11,13,14,38,46,1
8,13,20,23,27,3
9,14,16,26,33,5
22,28,29,36,47,1
7,10,34,40,45,6
24,26,33,45,46,2
7,17,26,28,45,6
5,11,22,23,24,3
3,8,29,33,37,2
8,9,16,37,45,2
16,27,32,36,48,8
19,23,29,31,45,4
2,3,29,32,49,2
3,17,24,28,33,6
10,24,26,36,40,10
6,7,34,35,45,8
10,25,45,47,48,8
4,5,6,16,35,1
4,29,31,39,49,1
12,24,34,38,43,1
11,17,19,47,49,1
1,9,17,22,43,5
2,11,36,45,49,7
3,5,12,32,40,4
5,10,25,39,47,7
1,10,22,26,30,9
4,6,29,31,45,8
5,10,35,41,44,7
5,17,27,32,44,4
3,11,19,45,46,4
3,21,23,31,32,4
5,10,29,41,47,4
10,18,36,39,47,7
4,28,30,37,44,4
2,25,32,37,47,3
2,10,17,30,32,5
6,28,29,31,41,10
14,17,18,24,49,7
10,21,22,30,42,8
4,17,18,21,26,1
2,24,30,31,36,5
4,25,33,38,44,4
4,15,23,34,39,10
7,12,20,31,40,6
13,21,22,32,42,2
15,20,23,30,49,9
1,2,27,36,40,7
2,8,21,26,27,6
4,5,18,31,45,7
9,31,36,42,47,1
1,10,30,40,44,2
6,15,19,21,38,8
5,18,19,23,49,8
6,10,31,34,43,5
14,15,22,31,48,2
3,13,20,37,41,3
6,22,25,27,30,5
1,9,19,32,44,3
5,18,29,30,43,2
5,9,16,26,33,8
18,19,24,25,45,1
3,34,36,41,45,4
6,20,27,28,37,3
13,36,39,48,49,7
1,22,25,36,45,4
3,18,26,27,41,6
25,32,37,42,46,10
9,19,21,35,49,10
19,25,29,30,38,10
8,10,12,17,18,4
2,3,4,20,28,6
2,5,26,32,44,10
20,25,38,42,44,10
18,20,25,34,49,2
9,13,19,24,36,3
1,2,4,13,39,1
8,19,28,39,42,9
16,21,25,31,44,8
7,9,15,18,19,6
5,12,25,34,38,10
7,30,37,40,45,1
2,18,38,41,45,8
8,13,25,29,36,2
4,11,27,37,39,3
4,25,26,32,38,4
24,33,36,41,45,7
14,32,39,45,49,9
7,10,11,18,49,3
8,30,33,42,43,4
9,12,13,14,18,3
12,31,34,42,43,10
2,6,12,16,24,4
12,13,29,42,49,9
1,32,36,41,46,9
8,9,34,38,47,3
19,37,38,39,42,5
3,5,8,31,42,8
3,6,14,35,36,2
3,15,23,39,45,9
3,5,15,20,35,8
5,8,13,30,48,5
11,16,19,20,32,6
13,27,38,39,40,10
25,31,33,37,40,9
3,10,13,18,47,1
12,16,36,46,47,9
2,13,21,34,38,1
8,14,22,27,30,7
4,5,15,34,45,9
3,4,16,28,38,4
7,12,14,31,41,5
4,11,19,21,41,7
21,29,35,46,47,1
15,14,3,45,12,3
16,32,26,9,20,7
27,6,31,21,40,7
21,10,24,32,16,7
23,24,13,15,39,1
18,2,10,3,11,2
47,28,7,26,30,4
41,13,28,6,4,1
14,28,33,9,8,4
44,11,3,15,17,9
32,5,13,38,46,5
28,30,23,39,25,7
42,23,16,32,28,5
40,3,14,20,34,6
48,42,13,49,6,3
1,37,41,30,23,5
39,44,12,29,2,6
49,26,11,43,42,8
14,8,24,28,5,9
29,48,32,27,44,8
34,46,11,30,36,5
29,41,17,27,19,2
24,39,48,3,10,3
45,35,44,5,19,8
29,36,23,44,38,9
19,28,36,40,6,2
11,1,4,33,44,7
1,22,40,27,28,2
31,3,24,41,7,2
42,20,6,29,41,9
14,34,38,24,26,8
3,31,8,16,42,7
17,20,9,19,29,2
8,11,2,25,21,4
13,31,29,1,21,10
31,7,37,39,13,6
46,6,22,44,13,8
22,17,38,2,13,7
41,16,6,28,36,8
8,27,26,46,14,2
43,5,26,36,6,3
30,22,44,40,24,7
28,24,8,43,19,6
38,5,9,25,6,6
9,21,24,30,28,9
40,21,7,34,3,1
48,16,22,41,4,10
21,4,10,38,19,1
15,7,31,35,20,6
13,7,37,49,3,5
37,33,36,34,20,2
35,37,45,48,27,5
17,12,3,8,6,9
46,5,29,7,19,4
9,12,32,39,13,10
8,35,46,6,11,6
36,12,35,23,26,8
26,8,23,15,6,5
17,15,16,39,35,2
31,49,43,21,1,6
4,44,10,29,8,1
21,39,43,9,41,3
9,17,30,20,11,8
27,1,34,44,40,2
7,34,19,15,11,7
10,2,44,46,45,5
1,25,48,21,35,3
42,18,47,41,20,2
35,33,43,6,37,6
5,26,22,31,33,7
49,26,5,7,1,8
30,16,7,13,43,6
2,10,4,49,12,9
1,33,49,24,17,9
47,39,4,42,45,1
5,25,10,6,1,9
9,40,28,27,7,6
32,30,4,2,19,9
2,44,42,47,23,5
27,31,48,30,17,8
15,32,11,49,6,4
28,30,10,39,24,5
18,8,41,17,3,3
48,43,31,9,15,9
4,2,26,22,40,8
27,12,26,6,5,6
43,18,28,40,14,1
42,30,11,33,37,3
6,28,3,12,24,2
13,29,30,20,36,5
3,20,15,31,19,7
10,18,20,19,28,5
3,4,22,48,49,1
25,17,46,28,23,5
16,18,45,38,31,8
36,31,37,28,17,10
27,47,24,39,46,9
24,21,7,31,27,3
47,4,2,14,34,2
25,3,45,47,49,7
20,22,32,34,31,7
21,8,28,42,47,4
40,11,18,8,47,2
49,35,25,27,42,9
5,30,16,47,15,7
35,40,17,6,47,4
4,10,30,38,24,10
21,5,6,24,42,8
16,3,5,39,11,9
7,42,31,8,24,6
46,13,47,18,34,5
4,1,24,21,42,3
22,7,28,6,3,7
17,24,30,43,1,7
21,10,38,41,25,8
48,47,6,45,1,6
10,34,25,38,29,3
35,11,18,46,30,2
28,6,11,46,25,2
8,16,42,30,40,2
28,3,6,33,13,4
47,5,34,28,39,8
35,39,18,43,31,7
4,6,35,47,7,1
9,15,39,49,48,7
27,2,48,43,3,8
10,19,28,38,37,7
41,19,32,42,47,1
19,26,42,18,20,1
46,23,21,32,20,10
12,32,36,6,29,8
14,34,37,15,45,2
21,16,9,20,15,1
26,13,25,12,18,4
6,39,24,13,43,8
7,34,6,3,36,7
1,4,35,39,21,5
2,16,19,12,6,3
17,42,25,5,15,7
49,47,20,3,30,7
18,34,27,14,44,6
38,25,40,41,39,7
48,20,39,8,47,1
13,10,22,24,16,7
48,6,8,17,24,10
24,2,21,36,31,6
45,7,29,19,38,8
18,1,33,9,39,2
2,22,46,21,49,9
27,2,36,43,6,5
26,46,5,12,36,4
9,17,15,12,26,8
40,41,28,8,42,2
28,45,2,15,23,7
37,1,22,26,31,5
47,49,20,34,32,1
24,46,3,22,32,5
36,48,30,20,40,8
12,10,37,25,49,2
5,29,4,10,13,1
18,48,36,16,45,10
29,28,25,7,35,2
12,8,43,46,49,8
25,8,18,27,37,8
20,13,27,26,17,4
2,38,46,27,43,3
7,45,30,8,20,10
14,45,37,22,25,3
42,22,9,33,45,3
35,23,16,42,8,2
2,19,13,23,36,3
28,15,3,46,36,2
36,40,5,30,43,1
44,15,37,34,40,8
24,13,23,6,34,4
36,3,33,34,42,2
42,4,23,15,12,1
34,2,13,15,31,8
27,26,8,9,15,4
47,2,14,33,30,5
25,9,34,31,32,5
32,29,37,20,5,9
19,41,42,43,45,2
29,8,37,22,39,10
11,7,15,23,19,4
12,15,21,29,48,6
12,28,32,45,38,9
6,48,11,49,46,2
49,19,22,40,45,2
36,1,45,9,14,3
4,41,16,13,6,10
36,12,7,11,38,6
16,41,26,28,13,8
9,32,7,47,1,1
39,28,26,5,29,10
2,3,29,30,31,10
30,3,15,41,16,9
1,15,12,30,44,1
4,19,22,18,7,10
25,48,16,12,49,10
40,34,36,28,15,10
29,1,43,37,27,7
41,44,38,8,10,2
25,19,12,11,28,4
21,30,6,31,10,1
19,8,46,26,9,9
1,9,19,13,11,8
18,45,41,4,17,2
30,15,34,46,41,2
12,21,48,29,20,3
22,7,16,30,2,1
46,39,23,45,13,7
17,22,35,25,19,6
2,49,1,36,14,9
18,10,40,34,31,10
20,13,46,40,25,7
32,46,27,1,16,1
30,34,8,1,13,4
31,38,22,32,34,2
22,12,30,35,33,10
10,3,40,26,22,4
47,14,28,3,25,10
22,13,46,49,3,1
6,7,37,25,47,9
13,14,27,4,20,1
10,16,15,6,24,8
9,16,32,30,23,6
5,12,42,9,26,2
26,21,40,27,31,1
6,40,17,15,3,1
33,48,25,23,41,1
44,14,30,25,17,3
4,13,27,46,21,4
26,28,40,37,6,8
48,19,37,16,29,1
5,30,40,35,17,6
42,43,32,40,15,4
11,27,30,48,49,8
31,44,40,13,28,6
15,7,3,42,4,4
47,30,15,33,4,10
27,13,2,11,36,10
10,33,47,1,7,10
46,31,20,45,39,10
9,35,23,37,28,7
15,14,21,34,45,5
46,29,25,8,34,7
3,17,4,36,22,6
27,8,32,11,4,10
24,41,19,35,27,9
44,13,3,27,49,9
9,20,44,1,39,9
6,31,45,14,3,9
11,1,15,48,47,7
40,42,2,7,10,2
18,12,32,9,23,9
1,47,22,33,4,1
1,49,29,18,37,4
17,49,18,28,11,7
12,1,31,45,17,7
37,33,42,36,31,3
35,5,39,19,11,9
47,6,20,9,41,9
7,32,42,45,12,6
31,18,34,27,26,8
14,3,10,44,8,2
6,19,48,32,10,5
22,8,19,7,15,5
42,23,2,8,35,7
24,7,18,15,9,10
49,34,36,12,42,10
14,21,48,16,26,3
30,40,3,21,2,4
20,35,27,19,12,4
39,42,38,29,49,3
28,43,29,38,44,3
14,9,16,12,33,2
12,26,28,19,21,2
28,16,11,32,49,10
41,28,3,4,23,8
3,46,25,10,13,5
46,44,37,2,39,4
43,9,40,28,13,3
12,38,28,24,36,3
25,24,31,34,9,9
20,11,36,17,28,10
43,33,42,22,37,4
25,18,3,8,37,6
8,2,11,47,40,7
12,9,48,7,29,4
43,6,25,34,9,5
45,12,44,15,9,1
43,47,16,39,4,5
47,25,42,2,30,10
17,23,13,20,45,8
15,41,33,44,5,10
40,48,36,22,3,5
3,18,24,11,14,10
41,23,25,1,49,2
12,26,48,13,35,1
43,41,5,46,34,5
3,18,42,13,43,9
32,17,15,19,29,10
18,26,10,30,15,7
45,24,15,10,49,2
19,35,48,3,42,10
31,33,16,29,39,2
49,15,39,31,46,4
44,48,17,12,35,8
34,1,32,14,11,9
1,11,23,41,34,9
3,34,29,7,11,4
24,38,33,12,20,2
38,19,10,26,7,8
7,31,8,48,32,5
37,20,15,5,17,2
47,45,35,42,19,2
6,34,14,33,18,6
10,7,46,16,35,5
24,38,41,18,5,7
42,40,35,25,12,6
18,39,45,14,21,8
5,37,14,6,2,1
34,19,3,1,43,3
37,35,3,24,31,4
35,43,41,22,16,7
12,24,1,13,5,9
20,24,5,44,28,6
20,8,33,27,35,2
43,9,15,47,45,9
44,24,16,21,34,7
32,13,5,21,6,3
42,26,31,13,16,2
12,48,38,35,9,5
35,27,8,30,34,5
15,44,5,30,45,5
32,26,44,18,21,10
28,6,10,35,32,9
41,4,45,18,24,6
7,35,48,39,11,8
5,31,10,19,28,4
22,36,40,13,14,9
8,16,17,3,47,9
38,1,48,30,20,3
8,43,7,21,34,6
3,5,49,38,25,10
49,39,45,41,1,5
35,39,16,11,23,8
29,1,3,35,8,8
6,23,32,49,48,4
12,41,47,46,6,6
11,22,15,12,21,7
43,35,6,31,36,4
46,27,42,23,8,3
15,37,4,20,6,10
46,25,47,2,35,10
6,43,29,13,27,2
2,12,38,15,10,5
36,45,9,24,17,7
32,19,34,26,27,9
44,18,28,49,30,5
24,46,9,2,13,6
5,7,28,23,2,5
46,36,45,15,19,4
45,33,47,15,23,7
40,24,19,1,28,8
1,8,48,38,3,1
28,23,34,44,14,5
14,44,34,25,4,7
15,2,1,41,30,9
24,8,9,40,31,7
40,6,38,23,32,10
45,7,38,4,26,2
34,25,45,44,4,7
33,28,48,44,26,4
45,30,4,2,23,5
43,28,33,37,29,1
12,2,25,35,7,10
35,16,38,46,25,8
38,49,20,16,40,2
31,16,27,24,46,1
17,44,7,40,39,3
19,40,32,13,46,7
17,20,48,16,34,7
32,23,39,35,14,7
20,40,31,7,23,1
8,7,35,36,26,2
12,39,26,14,29,10
29,49,35,18,39,1
25,6,32,7,4,10
3,12,22,9,37,10
5,7,44,15,33,1
12,17,1,20,3,3
40,10,38,26,45,1
4,49,20,7,21,10
25,3,8,49,24,5
20,35,30,3,29,9
5,1,35,27,40,4
35,24,44,38,32,6
9,39,10,15,45,7
5,10,28,34,22,4
32,39,22,11,34,3
39,42,36,27,22,10
39,46,2,9,44,9
21,38,17,1,46,2
16,5,14,29,17,3
34,4,48,42,22,3
17,38,37,11,39,2
15,35,11,28,9,2
41,22,3,37,40,2
37,28,23,38,6,1
45,10,5,40,32,5
38,1,4,23,30,6
14,21,24,2,38,6
13,43,31,47,46,10
26,42,13,7,24,2
15,47,39,25,41,9
29,21,31,47,17,4
18,29,49,37,5,8
3,33,4,49,14,3
30,48,7,31,46,3
10,5,49,47,1,1
37,24,34,9,8,2
43,16,10,25,44,4
18,20,4,12,26,8
32,20,22,46,34,9
16,47,43,24,26,9
34,31,36,24,37,1
2,47,40,31,49,9
17,40,10,27,23,2
27,47,23,48,14,3
31,1,12,32,28,9
11,37,44,13,21,6
44,45,46,43,31,10
7,28,4,11,10,8
38,33,39,27,26,5
20,5,22,23,18,5
9,23,17,42,6,5
33,4,35,22,2,7
22,12,38,13,14,2
20,27,21,26,7,7
37,30,24,27,45,10
30,26,48,41,47,6
1,12,41,7,21,4
14,23,22,45,36,7
21,33,4,14,32,1
4,44,29,32,24,4
23,45,7,2,46,10
6,33,7,9,15,2
23,37,38,7,15,3
37,30,17,12,41,2
46,20,13,47,8,7
6,27,5,21,47,9
8,13,1,43,31,10
31,36,42,23,8,7
44,20,11,9,42,4
45,46,4,13,33,7
10,39,33,9,47,5
4,41,30,27,21,6
36,29,44,46,35,8
32,3,22,18,17,10
3,15,13,29,40,10
6,20,48,12,38,7
23,22,33,36,10,6
15,6,11,28,24,10
12,34,16,26,10,7
16,48,21,5,26,10
40,10,37,34,12,5
20,2,29,39,18,10
10,26,46,35,5,9
44,38,33,49,41,7
1,49,12,39,24,3
11,5,32,49,9,6
16,47,33,21,5,5
32,8,21,41,25,4
8,27,29,15,41,4
37,26,36,14,1,3
46,4,3,43,22,6
43,9,21,36,27,2
29,39,28,22,30,3
33,15,6,12,14,8
2,6,10,32,17,5
32,24,49,39,40,1
22,24,41,21,32,2
26,13,29,15,20,5
45,22,28,40,37,10
44,48,31,46,21,1
37,15,18,31,46,3
48,31,24,11,38,9
11,37,49,28,40,4
25,32,31,36,10,8
42,29,25,46,8,9
14,16,33,38,45,10
15,38,7,4,40,2
26,3,39,17,30,8
44,27,41,8,43,6
4,27,5,15,22,9
19,10,30,13,47,8
23,20,1,26,44,4
14,43,34,41,35,9
22,42,43,17,25,10
17,45,30,32,6,4
33,36,34,38,22,5
30,36,14,6,39,5
21,18,33,49,48,7
32,20,6,12,14,8
6,25,48,21,37,10
41,20,46,11,24,1
22,23,12,47,25,1
10,46,2,31,38,8
34,47,11,37,38,8
23,38,36,18,19,1
16,45,34,42,26,9
28,26,1,30,16,4
29,16,36,7,15,6
23,18,34,5,44,5
26,18,3,49,46,6
30,26,35,44,31,4
25,28,46,12,27,4
14,34,39,24,47,8
19,12,8,41,16,5
44,9,18,17,42,8
37,40,36,4,43,6
34,7,8,41,42,8
39,13,12,31,26,6
31,12,9,40,41,2
44,32,11,48,7,3
19,2,18,22,4,3
7,39,31,38,42,10
47,27,26,43,1,6
46,11,43,12,30,9
41,16,44,27,15,9
31,48,43,37,3,10
6,36,35,10,48,9
26,35,16,22,42,4
41,27,36,35,9,6
23,15,46,5,37,10
21,20,19,43,49,10
26,7,1,9,28,3
22,29,19,15,34,3
44,34,20,8,41,2
44,15,5,19,7,1
6,46,35,20,8,9
6,39,28,13,33,10
12,26,31,40,37,3
20,35,49,18,16,1
5,40,13,14,9,1
12,10,45,15,31,5
39,38,21,2,9,2
48,22,4,30,27,7
4,30,24,21,40,4
5,3,49,33,15,8
7,34,27,12,15,4
3,31,36,13,40,9
41,49,30,45,35,3
49,27,32,24,17,7
32,34,18,44,3,9
48,43,46,11,8,9
19,9,29,26,3,8
13,22,31,11,21,6
46,8,2,19,29,2
4,7,12,24,25,2
22,27,13,10,49,4
4,28,42,49,35,7
43,13,21,5,6,4
37,43,45,28,38,3
7,24,36,6,47,10
21,36,22,20,44,10
24,44,46,42,7,2
22,6,46,7,17,3
1,28,3,29,8,6
42,5,34,21,37,10
24,40,5,31,22,9
27,25,6,37,32,9
3,28,15,4,2,5
31,8,47,11,17,6
36,18,38,31,29,10
38,31,8,37,30,1
43,3,38,42,46,1
37,18,8,44,46,2
43,36,3,32,45,2
33,48,13,2,19,2
8,44,6,48,31,9
4,28,48,8,15,1
37,24,38,13,45,6
1,16,6,3,40,1
44,21,25,18,47,10
3,44,46,27,14,6
22,23,35,46,3,9
40,12,47,21,19,7
9,2,5,29,10,1
16,33,41,2,24,8
6,28,34,7,11,8
45,16,6,37,25,9
33,34,25,3,26,6
25,3,13,32,47,9
32,4,36,44,9,3
20,1,22,5,42,6
11,44,47,29,7,9
9,2,45,19,7,10
28,17,41,3,23,3
23,42,3,17,47,4
7,31,29,24,47,3
19,11,22,36,9,1
44,12,13,17,27,10
41,35,40,6,24,6
36,48,46,41,8,6
44,8,11,48,37,6
27,25,5,34,38,7
4,15,10,49,12,6
2,34,41,32,8,6
41,12,26,42,36,7
45,31,6,49,39,4
49,17,36,44,27,1
38,37,17,34,30,1
27,25,20,23,47,6
43,14,26,7,11,7
9,35,15,8,4,8
35,19,9,16,43,4
32,22,2,12,15,8
17,1,38,2,45,2
2,27,24,35,22,5
41,28,18,13,38,1
16,11,18,8,10,5
22,38,28,37,9,10
15,6,34,39,24,4
42,18,14,4,27,3
45,18,46,3,30,3
29,38,33,15,41,2
47,22,19,4,10,8
26,42,33,20,34,9
24,8,38,19,40,10
11,22,3,13,30,8
38,8,41,49,19,7
4,14,21,47,8,9
4,29,42,43,11,10
47,18,41,10,19,2
3,37,26,15,24,7
21,36,19,39,49,5
34,31,35,41,29,8
13,22,17,6,12,7
13,17,31,28,9,10
44,13,29,15,33,4
19,10,9,29,5,8
44,42,15,9,47,10
17,31,26,37,21,10
1,18,45,17,21,9
17,5,33,9,37,4
27,44,25,23,6,6
13,31,49,7,3,5
1,19,13,24,48,5
21,11,22,40,32,9
5,43,10,48,25,10
44,20,14,22,36,2
32,42,30,17,41,5
33,46,8,17,1,5
49,12,27,11,7,1
41,21,32,47,11,9
31,39,30,49,19,8
5,27,7,24,41,10
36,20,13,31,38,1
41,34,42,22,1,5
31,3,40,35,2,7
5,3,39,31,38,9
10,31,36,37,44,5
30,29,49,23,10,5
21,6,41,17,16,9
47,48,13,34,2,6
14,31,9,45,23,6
47,17,48,39,24,7
45,27,48,4,38,4
34,20,14,35,9,1
23,14,40,46,27,1
28,9,26,29,18,3
9,25,2,47,35,10
1,26,14,31,10,4
15,20,12,6,1,1
49,17,44,5,46,4
28,11,14,43,41,8
7,47,16,33,42,7
40,26,17,24,43,9
15,17,10,37,16,9
26,18,41,38,5,10
45,5,48,42,30,9
29,10,16,14,9,1
42,43,38,33,31,3
22,35,9,28,13,5
25,43,30,2,19,9
33,7,8,12,22,5
8,25,4,12,45,2
35,48,33,21,15,1
7,35,48,28,25,1
28,23,24,9,20,4
19,42,32,26,39,6
18,7,21,42,11,3
48,26,31,47,42,8
17,30,6,49,19,2
6,22,19,5,9,5
31,36,9,33,18,2
26,24,49,32,2,5
33,22,44,6,35,2
4,31,49,8,39,9
11,5,25,23,33,5
46,41,38,19,16,9
33,42,27,46,32,7
28,19,49,23,17,7
23,49,5,13,32,2
16,46,12,21,24,2
24,48,20,29,45,3
37,35,31,44,14,7
22,15,19,24,46,3
14,23,21,47,3,3
7,16,17,4,11,10
23,15,38,21,39,4
13,45,4,40,31,3
28,18,22,37,19,2
7,11,5,32,33,5
35,11,13,4,34,1
6,1,39,48,40,6
5,41,3,42,15,7
17,47,30,3,44,3
28,38,2,1,11,6
35,42,49,4,6,9
46,32,22,15,17,8
43,48,42,23,30,7
17,18,25,38,9,9
47,46,7,19,39,5
19,24,45,15,25,3
18,10,6,15,48,4
4,28,38,20,18,1
8,42,22,28,26,2
11,42,22,34,43,4
6,12,4,35,44,3
24,3,35,46,2,8
32,6,35,28,40,7
30,48,37,9,26,8
2,11,42,30,35,6
23,13,27,44,36,6
44,47,5,13,14,8
21,29,20,47,46,7
1,39,2,6,27,4
36,8,31,34,17,7
9,36,5,21,39,5
8,24,33,38,14,5
26,13,10,20,46,1
22,49,26,2,47,2
25,32,6,5,28,4
47,36,20,11,9,2
8,22,26,46,2,1
14,7,43,44,29,5
12,13,26,44,16,6
24,26,2,36,32,7
5,14,42,44,16,9
29,6,12,44,31,6
9,26,30,42,36,4
22,28,3,23,29,2
45,14,39,20,47,8
20,30,35,14,10,9
26,27,41,46,19,4
43,4,17,38,49,8
34,5,33,3,17,10
48,39,29,47,35,7
48,36,14,15,10,3
39,8,9,33,15,10
43,22,12,30,9,4
25,29,47,5,7,1
41,11,19,29,14,9
49,6,24,13,10,3
28,30,43,40,41,7
37,5,9,7,41,6
45,1,33,47,27,8
16,1,31,48,3,6
42,1,19,23,17,9
8,43,1,48,41,7
16,9,19,26,6,9
23,29,18,35,7,4
40,2,35,39,42,9
41,48,42,28,3,6
21,37,12,17,23,7
35,23,26,32,22,5
40,45,24,32,34,1
28,49,5,48,21,2
16,37,8,7,42,8
48,10,46,28,29,9
44,16,4,40,23,3
28,41,38,31,43,10
38,45,5,14,46,1
26,41,5,33,42,7
5,35,37,4,24,2
10,17,33,30,49,4
42,26,21,39,40,5
37,24,19,10,5,6
20,6,30,32,45,4
20,15,27,9,47,7
4,39,26,5,24,4
40,16,21,41,46,2
44,39,7,41,19,1
48,4,25,5,45,7
47,38,17,30,43,5
15,49,37,25,38,8
47,31,12,45,7,10
30,21,6,11,29,4
49,20,7,31,33,4
36,25,22,21,16,9
31,30,6,14,45,8
27,12,10,7,41,1
36,17,30,7,11,5
25,28,42,26,12,10
13,38,31,30,26,1
12,1,33,13,2,9
35,19,8,22,46,2
16,11,25,32,14,9
48,14,2,23,13,3
17,44,29,16,37,8
49,10,19,26,30,3
22,9,43,31,34,5
11,7,32,24,4,10
12,38,34,32,48,6
24,48,49,18,8,8
36,40,45,24,15,9
37,36,32,20,7,2
48,23,27,19,22,2
23,6,17,5,7,9
38,26,39,35,10,6
3,48,17,4,38,9
25,33,48,1,40,8
1,34,15,24,25,8
40,29,44,38,10,8
8,30,26,35,40,2
39,28,14,11,42,9
7,25,17,48,16,3
44,2,15,29,18,4
44,41,35,33,38,8
4,27,28,9,22,4
22,23,7,30,37,3
31,44,6,15,12,7
10,49,30,12,29,9
22,13,10,35,19,1
28,14,27,13,25,5
26,24,6,18,29,3
43,27,23,44,42,10
1,13,20,23,44,3
1,15,24,43,47,7
4,7,16,30,47,7
10,13,19,20,26,7
6,9,21,34,47,1
27,28,31,32,43,2
6,15,33,36,38,4
9,17,20,26,28,1
2,17,26,40,41,4
5,11,32,34,35,9
4,7,8,17,32,5
16,18,40,44,47,7
15,28,41,45,47,5
11,12,14,18,25,6
2,5,9,44,47,3
7,12,13,27,46,5
3,17,18,28,39,6
4,24,27,28,40,8
4,13,16,28,36,9
1,13,18,26,46,8
3,10,11,34,42,5
25,31,38,42,43,2
1,8,11,38,49,3
21,29,31,33,36,8
2,10,27,32,39,9
14,19,33,39,44,2
17,26,33,36,46,7
4,10,25,28,35,2
6,21,37,47,49,2
6,19,39,41,49,9
1,4,24,33,48,8
12,13,17,23,34,7
7,16,17,33,46,2
5,30,39,45,47,4
3,7,34,37,39,10
8,15,20,23,27,6
10,13,25,32,34,8
8,10,15,24,35,7
6,16,17,42,47,8
9,26,31,33,40,2
2,27,28,41,43,3
9,18,22,39,41,7
18,19,29,31,39,6
7,16,34,35,40,6
2,14,32,35,41,9
3,5,15,38,40,1
2,18,21,22,43,10
1,22,35,38,41,1
9,23,31,33,38,6
1,2,14,30,42,5
20,25,27,39,46,2
4,9,15,27,42,5
11,18,30,31,32,9
18,20,26,27,43,4
7,30,37,38,48,10
1,7,18,27,31,6
5,23,31,33,34,8
5,21,30,46,47,5
14,21,30,32,45,2
14,15,24,32,33,6
7,21,23,29,35,1
16,20,26,34,40,3
3,6,8,30,35,8
17,24,27,35,45,2
4,5,21,28,34,7
3,19,24,30,33,5
7,18,35,37,42,3
3,36,40,44,48,2
1,8,31,32,42,6
16,17,22,30,45,7
9,18,22,37,49,8
2,11,34,39,48,6
1,3,8,36,44,9
3,9,18,24,38,9
4,19,39,40,48,1
3,6,7,21,46,9
3,9,21,25,40,6
10,15,17,26,39,9
1,11,21,22,27,5
9,21,26,40,41,8
11,21,25,35,41,4
4,24,40,43,46,5
3,28,33,35,43,3
4,7,19,35,44,9
6,11,22,42,49,8
8,16,41,42,45,6
3,6,9,25,37,1
8,23,28,37,49,3
3,25,27,32,40,2
1,7,8,11,40,5
1,7,10,15,38,7
5,10,21,22,41,5
14,22,27,47,49,1
2,25,32,40,42,5
17,21,27,40,41,8
13,15,23,36,46,10
26,27,40,41,42,9
3,35,37,41,45,3
16,18,22,24,39,2
12,21,41,43,49,7
8,10,25,29,39,7
3,26,38,45,48,4
13,15,19,43,45,2
2,10,32,33,38,9
1,3,6,31,43,7
10,12,28,41,48,4
11,12,29,39,46,10
11,14,16,33,39,8
9,12,19,40,49,9
3,16,20,42,43,6
16,19,25,26,28,5
3,17,20,25,46,3
15,27,32,40,42,7
6,13,18,37,48,7
18,20,23,46,49,8
26,30,35,41,46,6
9,11,14,24,43,3
17,19,27,28,29,2
6,8,31,36,42,2
5,9,20,29,42,2
3,29,30,32,40,4
1,4,5,9,10,8
1,19,35,44,47,7
5,22,25,36,40,1
6,11,13,15,17,7
4,6,11,20,38,8
9,13,26,31,40,7
2,15,16,17,39,1
16,19,27,37,39,1
3,18,21,36,46,10
3,4,21,32,35,8
15,19,22,29,47,2
1,18,40,41,46,1
15,21,31,32,47,4
4,8,9,16,36,8
6,25,36,38,48,7
3,6,18,41,45,5
1,26,31,32,39,3
22,29,34,38,47,7
2,25,31,32,41,7
1,6,7,26,46,6
1,16,17,25,45,7
2,13,16,21,49,1
5,15,17,33,44,7
4,13,19,24,34,10
6,7,36,37,40,6
5,9,25,32,47,8
4,30,31,32,46,2
2,9,12,44,46,9
1,10,12,17,23,5
2,11,28,33,45,4
2,16,30,36,46,8
12,21,29,31,44,2
5,6,11,20,48,7
5,24,31,37,39,5
2,16,17,26,28,1
4,12,21,37,41,5
13,15,31,35,46,8
5,15,18,34,45,2
5,15,20,35,44,1
5,7,8,16,37,10
17,27,38,48,49,2
3,35,37,43,47,8
9,11,22,26,46,8
7,11,13,32,38,4
8,24,29,33,39,3
7,13,16,25,31,10
1,7,12,42,45,3
8,18,27,30,34,3
7,15,16,34,39,2
1,5,19,27,46,3
18,32,36,47,48,2
9,11,35,45,46,1
12,19,37,38,46,8
12,20,23,29,46,4
6,15,19,37,47,2
9,11,24,30,33,1
8,10,29,30,32,8
5,7,24,28,49,4
11,24,29,30,33,5
19,23,25,46,47,5
2,9,10,21,31,9
11,23,24,25,32,2
13,23,33,37,42,10
2,3,16,24,44,4
7,27,29,42,43,6
9,32,43,44,46,9
11,15,19,24,32,2
5,20,30,33,41,2
18,22,34,36,42,3
1,33,34,35,47,10
6,17,24,28,31,6
1,26,35,39,43,8
1,17,25,31,32,1
9,23,30,33,37,10
2,9,26,45,47,10
2,17,31,35,39,9
5,16,17,37,42,1
5,8,26,40,48,10
13,15,21,23,47,10
11,13,15,20,36,10
22,28,33,40,43,7
8,29,37,46,48,2
2,11,15,20,29,4
2,6,7,28,34,1
6,7,8,26,40,9
7,10,41,42,43,8
1,15,19,23,24,2
8,28,40,41,47,2
14,33,35,36,48,3
16,27,36,38,47,1
12,15,32,36,48,7
17,27,32,36,41,6
2,18,26,30,33,9
2,4,40,45,46,10
13,16,22,29,47,7
8,14,24,32,39,1
8,15,19,25,44,4
20,25,29,34,46,2
13,33,35,40,48,10
1,6,7,40,43,4
3,17,19,44,46,10
6,16,28,29,33,1
8,32,34,36,43,9
15,20,24,35,40,1
8,25,36,37,47,8
5,7,19,20,25,6
9,11,17,39,40,2
3,16,19,22,34,1
10,16,20,29,48,1
1,13,16,19,25,1
16,17,30,38,45,3
2,9,30,34,47,4
2,12,27,41,46,8
18,21,28,41,45,1
2,19,20,28,38,6
3,8,27,48,49,4
14,23,39,44,45,8
3,10,16,35,42,6
6,15,24,28,33,4
11,24,25,26,30,10
1,11,29,30,48,10
2,10,11,33,47,10
22,23,24,31,40,10
2,8,20,36,38,7
10,13,19,39,43,5
3,5,7,22,40,7
3,6,12,40,43,6
7,33,34,44,49,10
11,20,31,41,42,9
16,19,21,32,37,9
7,10,21,29,47,9
10,14,27,33,35,9
13,16,17,37,45,7
9,11,16,37,42,2
4,10,18,20,45,9
21,27,33,40,44,1
2,3,9,24,49,4
1,14,26,28,49,7
22,25,28,44,49,7
1,5,7,25,26,3
10,21,36,40,46,9
25,26,28,31,45,9
9,10,16,29,41,6
19,20,28,30,47,8
2,19,28,39,45,2
17,19,33,39,41,5
18,21,32,41,47,5
4,11,22,27,43,7
8,13,27,36,48,10
6,22,28,41,48,10
3,12,22,36,48,3
10,34,36,47,48,4
8,16,19,20,45,4
3,8,18,28,34,3
20,27,37,38,48,3
6,10,14,23,31,2
6,10,20,42,47,2
14,20,27,35,43,10
1,3,6,10,44,8
7,11,18,31,44,5
9,18,24,28,48,4
5,8,20,27,28,3
4,5,24,34,43,3
7,34,37,43,49,9
22,31,32,35,36,10
3,16,22,44,46,4
19,20,33,35,48,6
7,14,16,38,47,7
13,24,27,29,38,4
6,7,26,32,44,5
11,13,18,25,47,1
12,22,25,28,49,5
4,11,13,23,28,10
16,29,32,37,44,8
7,17,18,30,42,10
2,4,11,19,47,5
14,17,24,46,49,10
9,11,22,24,29,2
12,17,29,34,49,1
2,12,33,34,44,5
16,19,24,32,35,9
9,14,16,30,42,10
3,4,16,23,31,7
26,33,36,39,48,2
5,16,20,32,46,10
6,13,23,31,34,2
2,4,15,23,29,4
2,13,21,30,44,8
5,8,16,26,29,9
3,8,13,35,36,9
6,15,25,27,48,4
8,10,14,19,44,2
7,22,26,35,44,8
6,22,28,32,46,5
12,16,21,25,34,2
7,30,32,34,35,2
2,9,16,47,49,6
4,10,16,19,37,5
16,24,29,33,45,7
1,12,15,19,23,6
14,22,25,29,33,8
4,31,33,36,37,1
19,21,27,32,41,3
10,19,20,23,43,4
6,13,18,29,34,7
24,27,28,40,42,9
1,10,20,24,49,6
3,4,5,13,22,2
3,25,28,40,45,9
29,30,36,41,45,7
4,19,24,40,47,3
11,13,28,36,38,2
1,5,13,16,34,5
14,23,28,35,42,5
14,16,27,37,40,5
9,13,19,33,39,10
6,8,19,27,39,9
13,17,22,28,49,6
12,18,44,45,48,8
18,19,25,42,48,4
13,19,20,26,42,9
6,9,11,47,48,9
6,14,26,41,44,3
14,17,21,37,41,6
7,13,15,24,38,10
7,17,22,23,38,5
4,12,20,24,47,8
9,13,35,39,41,8
14,17,23,41,42,4
24,27,30,36,37,6
12,18,41,42,45,7
5,10,14,26,30,4
1,11,30,31,49,3
17,30,31,37,41,10
3,12,13,23,34,10
4,16,26,33,48,2
4,7,11,38,44,5
1,4,6,12,42,7
16,22,24,26,47,9
24,37,44,46,48,5
6,21,30,35,47,6
1,26,39,43,49,5
1,3,26,31,35,4
9,18,35,39,41,7
17,23,28,38,44,8
19,30,32,41,45,1
20,28,38,41,47,5
1,20,24,33,46,7
2,3,7,19,45,9
25,26,41,43,49,7
9,13,14,29,35,10
11,12,23,24,47,2
1,3,17,18,19,7
5,8,13,15,43,4
2,10,29,30,31,5
1,8,17,24,42,1
19,20,26,34,43,10
5,9,21,33,36,8
29,35,40,45,49,2
23,33,34,40,49,1
6,7,24,35,46,3
23,24,26,44,49,7
11,17,24,30,37,7
9,20,24,41,42,7
6,25,33,41,48,1
20,27,39,45,46,2
10,11,26,42,46,10
1,7,43,47,48,1
5,14,15,38,43,10
5,16,37,39,48,10
8,17,22,36,38,1
14,18,19,39,48,3
2,12,18,25,36,1
1,2,14,23,25,10
3,4,23,32,41,5
1,21,24,25,34,9
2,8,18,31,44,4
5,6,24,33,44,6
8,12,16,24,33,7
6,7,12,35,36,4
11,15,32,37,49,3
1,4,10,26,33,10
1,4,10,21,25,9
3,20,28,44,46,2
13,31,34,42,43,3
18,19,25,43,47,3
28,34,36,38,41,2
11,16,32,40,41,2
8,10,16,26,35,2
2,21,29,38,44,1
10,14,23,28,31,5
15,24,36,45,47,6
5,12,17,22,23,6
21,25,28,33,41,10
4,5,19,43,48,2
3,23,37,43,44,9
24,34,35,46,47,4
22,29,30,42,45,8
9,13,19,45,48,3
4,9,21,31,33,3
10,12,22,25,36,1
4,5,8,33,38,2
7,12,15,23,38,4
3,13,32,37,44,8
6,14,38,41,42,9
3,10,25,37,44,9
8,13,14,30,46,1
2,4,19,31,45,9
11,18,22,35,43,2
16,23,37,41,45,3
9,26,30,31,38,9
1,23,30,32,47,6
7,22,31,37,44,10
6,12,24,26,36,8
17,30,46,47,49,5
1,4,16,18,49,5
13,37,42,43,44,5
3,5,6,14,24,7
9,19,29,31,38,2
1,8,11,36,44,7
8,9,24,31,39,10
5,13,18,43,49,6
13,29,32,44,45,4
3,6,19,27,45,7
4,13,24,27,29,1
30,33,46,48,49,4
7,23,27,32,39,10
20,25,29,42,48,2
12,18,19,24,42,3
10,13,30,31,40,2
2,3,13,23,49,7
8,13,20,31,35,9
13,18,27,30,40,10
2,22,43,45,47,7
3,35,39,43,44,4
14,19,39,43,44,7
5,24,27,30,45,5
1,19,20,44,45,6
2,9,11,12,24,8
8,13,15,29,41,10
10,18,24,28,38,10
15,24,36,41,49,7
3,18,27,39,44,6
1,2,19,25,26,10
4,5,17,30,37,7
3,8,24,33,38,10
20,25,33,42,45,5
21,22,27,29,32,10
14,30,36,39,40,9
2,8,19,21,30,7
7,24,33,34,36,3
21,22,27,28,29,6
5,14,16,22,23,5
7,12,20,22,37,4
7,16,27,30,43,4
13,25,30,33,49,3
3,25,30,35,47,6
3,4,12,32,36,2
27,29,32,42,46,3
5,26,29,30,34,8
4,7,15,18,42,5
7,17,20,36,44,1
10,17,19,46,48,2
3,15,45,47,48,5
17,22,41,46,49,10
8,16,19,22,32,1
4,28,35,36,37,3
12,19,39,42,48,9
5,15,26,29,44,4
5,32,35,40,44,8
2,13,14,20,41,9
1,6,25,28,45,10
13,14,24,31,42,2
6,7,11,23,37,8
11,14,23,32,44,6
8,16,29,33,40,9
2,8,16,22,44,8
5,16,21,26,43,4
20,21,28,31,33,9
3,18,37,43,45,10
7,11,29,41,43,4
7,11,34,39,42,5
15,19,30,38,43,5
7,9,13,31,42,7
4,20,25,27,37,8
1,8,24,31,32,10
22,33,35,36,43,1
13,20,30,41,45,1
4,6,30,32,45,8
15,27,30,31,46,8
6,12,15,23,35,1
2,14,25,26,41,9
8,15,17,27,36,4
3,20,24,29,49,6
1,7,14,33,39,5
3,15,17,41,49,6
21,32,33,39,48,4
3,22,30,34,37,4
11,14,42,43,46,8
15,20,30,31,42,5
10,35,38,39,41,8
9,19,32,36,38,6
1,10,19,21,23,8
4,5,13,33,38,6
12,19,25,40,42,2
11,13,26,30,43,3
3,23,24,39,40,3
9,24,27,28,49,10
17,33,34,45,48,6
1,16,23,41,46,9
19,25,39,44,47,9
8,10,13,33,45,10
16,27,33,41,47,9
3,13,23,24,47,4
5,6,11,20,29,6
9,12,24,27,43,10
14,29,35,40,41,10
3,13,39,42,44,3
9,12,14,28,41,3
1,12,13,44,48,2
7,23,26,34,42,1
22,34,35,36,43,9
11,22,24,25,38,10
17,23,27,46,49,3
3,11,13,21,41,1
15,16,32,44,48,1
18,25,28,40,43,5
15,17,40,45,48,2
5,11,22,28,33,7
7,21,28,36,44,4
15,25,27,40,49,8
1,4,9,12,42,4
12,19,20,39,44,9
9,22,25,46,48,3
17,18,23,25,34,7
10,12,15,33,39,9
3,28,32,38,43,9
24,29,33,45,49,8
1,11,13,20,21,6
4,9,20,23,38,2
10,34,37,42,49,2
7,9,11,32,44,4
7,11,22,30,39,7
2,4,23,34,39,4
3,4,14,21,36,3
13,15,20,26,30,10
7,13,21,42,47,10
14,16,26,27,32,2
2,30,31,41,42,3
16,17,18,45,48,6
5,24,39,44,45,10
10,13,25,37,49,9
3,30,44,48,49,9
9,15,21,23,25,5
6,12,22,32,48,6
3,10,20,36,37,10
1,2,7,8,17,1
1,23,30,34,49,1
5,18,39,40,44,2
1,6,28,34,46,2
8,10,21,25,43,2
5,9,17,38,49,9
8,9,29,39,44,1
9,25,36,37,49,6
4,26,28,44,45,1
1,7,8,31,47,10
3,11,19,28,48,6
1,11,27,32,49,9
14,27,30,31,43,7
5,12,23,34,44,1
10,16,24,30,46,8
7,15,18,23,30,8
4,25,31,36,44,9
6,9,22,39,48,6
12,27,31,35,37,9
7,22,30,32,42,3
12,35,36,45,47,6
12,23,35,37,42,9
10,32,34,37,44,10
4,38,45,46,48,3
9,11,17,21,29,4
3,8,12,20,28,3
1,12,22,31,36,1
11,34,36,39,47,10
2,8,31,33,46,6
2,4,39,45,47,6
10,13,14,23,47,6
3,9,12,19,45,7
1,4,5,9,35,6
1,13,33,35,37,6
4,21,33,34,48,7
3,11,17,27,49,4
4,11,25,33,35,1
20,28,29,36,46,1
11,16,18,23,40,6
8,14,16,17,32,7
31,34,38,41,44,8
25,37,38,41,46,4
1,3,7,33,40,8
13,16,19,35,48,2
3,18,20,29,39,5
2,23,24,35,38,1
7,29,36,38,43,5
1,4,43,45,47,10
7,21,29,30,36,4
19,28,32,40,42,3
1,18,28,29,41,3
3,9,12,30,33,2
3,5,9,43,44,8
5,8,14,16,49,9
4,6,8,13,16,10
6,13,18,24,29,8
4,5,6,15,35,7
13,16,27,28,36,9
12,23,32,36,48,10
7,18,39,43,45,2
6,11,18,19,30,7
4,6,31,35,49,5
11,27,28,29,48,8
10,24,36,39,41,7
18,34,37,44,49,10
4,5,20,25,40,4
7,8,18,37,49,8
8,9,15,29,38,10
10,26,32,36,41,10
7,17,19,24,27,9
6,21,28,31,47,4
2,9,12,25,46,6
3,13,17,21,23,5
21,27,38,39,43,5
5,16,35,42,49,9
5,14,30,46,47,10
8,12,29,36,39,2
5,6,11,28,49,5
1,9,14,26,37,5
7,22,32,38,40,1
10,23,25,34,44,9
6,16,25,37,46,8
10,11,31,32,39,10
5,16,27,32,41,1
1,7,44,45,49,5
8,18,35,40,46,7
8,11,22,31,38,9
13,14,19,28,43,5
4,25,27,41,45,5
8,13,15,40,46,9
6,7,9,23,41,6
1,17,20,41,46,6
2,26,28,31,43,7
6,13,20,38,47,4
4,6,13,20,22,1
1,3,14,30,47,1
10,15,17,41,47,3
9,14,33,41,48,10
1,3,13,22,33,4
4,17,19,29,38,1
3,9,18,25,48,4
4,5,12,16,37,8
2,8,18,46,49,7
9,11,38,43,47,9
14,16,18,39,41,9
3,27,36,43,46,10
11,16,20,24,33,9
5,6,9,21,24,1
4,18,34,35,48,3
20,31,35,40,49,5
3,21,29,36,49,9
5,7,8,11,33,5
4,6,10,19,47,2
6,10,19,32,35,1
35,36,37,40,49,1
10,18,24,29,30,4
6,16,19,20,34,6
2,4,7,23,36,3
23,34,39,47,48,8
5,28,35,41,47,2
1,9,14,16,37,5
16,18,27,32,39,2
16,19,24,43,44,5
20,27,40,42,48,2
11,14,15,32,38,9
22,23,28,33,37,5
17,19,24,26,35,9
6,8,9,22,27,7
8,10,19,29,46,7
10,31,42,45,48,2
12,19,21,35,43,2
2,15,28,39,40,3
6,8,41,46,47,7
4,9,10,18,26,3
24,26,31,32,47,3
5,13,14,45,48,10
4,19,27,31,43,4
17,33,36,43,49,3
17,21,30,32,36,2
4,5,29,35,42,5
3,32,33,39,49,1
8,11,15,38,45,6
7,16,38,41,42,7
15,25,28,42,44,3
8,20,34,44,46,6
5,9,18,26,32,9
9,16,28,39,43,8
11,26,29,30,44,7
10,26,31,41,44,9
9,36,42,43,49,5
17,22,23,32,45,3
11,29,32,40,43,4
28,29,30,35,47,1
1,11,37,39,48,2
12,23,26,28,39,4
12,16,17,29,31,3
1,9,12,15,22,8
4,17,24,34,43,7
3,5,14,20,44,8
1,2,5,19,39,6
6,8,22,27,33,6
18,21,34,37,48,8
14,18,19,29,41,7
12,16,20,34,49,4
5,9,24,30,31,7
15,34,36,44,46,5
14,15,20,36,48,5
1,19,23,28,39,1
19,24,25,33,41,2
5,10,16,43,45,4
15,25,31,35,49,2
1,2,13,33,38,1
19,22,23,40,41,5
15,19,40,44,47,6
4,8,21,40,41,7
3,5,33,36,45,9
3,12,22,37,49,6
7,24,36,43,47,4
5,7,26,32,46,2
24,25,35,39,43,8
27,32,36,37,44,9
9,26,31,37,47,4
11,19,21,24,48,8
13,17,20,27,33,10
2,11,30,35,46,7
1,20,40,45,49,3
7,16,24,36,47,10
7,11,18,21,42,4
5,7,32,34,42,1
1,7,16,20,39,9
3,9,26,34,43,3
27,29,32,33,49,7
19,26,29,30,45,6
11,14,33,36,41,8
3,7,18,48,49,6
13,14,18,43,44,9
12,15,20,24,49,7
24,27,42,43,49,9
3,12,17,18,19,4
13,23,24,38,48,9
1,16,19,36,44,6
4,10,14,38,39,7
5,22,35,38,39,5
16,28,35,38,43,1
2,5,12,19,29,2
3,5,35,36,40,8
4,14,25,34,40,9
6,12,28,45,48,3
1,28,32,34,36,10
3,10,23,39,47,1
5,19,39,44,48,7
11,14,29,30,39,2
1,4,6,17,29,4
1,21,33,38,49,5
10,12,26,36,41,6
15,36,38,42,46,4
3,11,28,31,44,7
12,24,33,37,42,4
19,25,30,38,40,2
2,4,17,27,44,1
1,4,32,43,45,7
27,29,31,44,47,5
6,10,11,28,36,8
7,22,29,37,46,10
18,22,28,43,46,4
6,7,9,33,47,4
13,36,40,46,48,9
9,12,18,25,37,8
15,22,32,37,45,1
7,8,15,40,44,5
9,12,35,36,43,10
4,6,29,31,45,1
2,4,5,28,49,9
3,6,20,36,41,2
3,8,15,35,44,9
3,13,14,22,33,3
6,15,18,24,29,8
5,15,17,42,44,3
13,25,26,39,40,5
5,21,29,40,44,10
17,22,27,42,44,6
10,18,42,44,45,8
12,23,27,32,44,9
4,5,35,40,48,2
1,12,14,22,49,2
6,23,28,36,44,9
1,6,31,40,49,6
6,8,12,36,44,9
9,15,40,48,49,8
3,5,16,42,44,8
2,5,8,24,48,8
24,29,30,36,44,2
5,12,14,40,45,9
4,24,25,39,40,3
5,11,25,27,32,4
4,14,41,45,47,8
10,33,35,40,43,4
3,13,31,40,42,3
20,22,36,37,40,7
13,15,30,39,41,9
2,25,42,44,49,1
16,18,32,44,45,5
4,9,13,28,49,3
28,35,41,44,48,10
28,14,37,32,4,4
33,31,16,46,20,5
3,37,16,17,47,5
40,32,43,11,48,2
17,25,22,35,43,10
20,29,43,41,15,10
32,23,49,1,3,4
8,16,21,14,24,10
5,16,39,44,18,3
37,17,29,15,1,3
17,33,37,40,19,6
19,31,33,40,30,2
32,22,1,35,37,7
45,24,17,46,9,7
4,22,40,23,32,4
6,5,10,2,26,5
10,19,20,28,4,2
15,5,17,49,31,9
40,36,32,8,31,6
48,29,34,5,47,4
35,32,14,37,26,5
19,18,44,37,16,1
30,13,28,22,19,3
21,16,6,42,2,7
33,46,24,21,22,8
17,36,16,26,38,7
31,38,11,19,40,5
45,49,43,33,4,8
34,35,16,39,15,4
3,16,27,29,37,6
22,48,7,20,35,1
25,42,17,39,22,6
17,40,41,26,3,7
13,5,16,32,2,5
10,9,44,14,46,7
12,14,11,6,36,6
41,43,27,24,28,9
5,44,7,2,45,3
29,30,23,6,26,4
11,13,38,4,44,7
9,33,31,3,40,5
41,45,20,10,38,6
9,21,44,6,11,7
47,7,25,2,12,7
7,18,12,45,3,8
34,48,41,46,36,7
37,48,1,26,24,7
41,6,14,16,26,2
29,11,19,16,2,8
3,22,47,14,8,5
1,46,21,6,31,6
16,42,21,6,34,5
26,1,49,7,14,10
11,35,16,29,41,4
21,36,44,26,14,4
1,46,20,40,35,10
18,29,36,17,23,7
29,41,3,43,35,8
32,28,29,26,38,1
8,31,48,39,22,4
47,30,41,32,39,7
2,19,34,47,23,2
18,19,3,48,9,2
5,26,28,46,35,9
18,28,15,2,43,3
46,43,7,22,8,10
13,42,8,16,23,1
44,46,29,42,45,3
4,23,26,19,27,7
33,32,31,41,43,10
30,15,40,13,20,10
41,37,20,18,45,10
12,3,4,34,25,2
29,18,37,7,47,7
6,5,11,13,22,10
46,38,29,31,19,6
26,34,38,13,42,9
43,48,7,42,30,4
36,24,45,49,47,5
12,26,19,47,10,1
44,36,49,25,48,2
45,21,2,31,23,8
3,4,34,41,42,2
21,44,42,12,34,7
35,10,28,43,15,9
12,21,35,24,40,4
16,31,25,27,26,7
33,1,9,6,46,6
49,30,19,17,7,3
1,26,2,36,3,7
44,12,7,25,31,10
18,27,39,44,24,3
45,29,36,42,24,7
30,9,22,46,23,9
34,7,44,19,8,6
3,29,46,5,1,4
2,27,33,21,15,10
32,1,13,29,46,1
29,25,2,39,20,7
45,21,46,48,11,4
30,28,47,34,7,10
36,35,2,25,27,4
46,15,6,39,3,10
26,38,47,13,16,8
12,10,25,22,47,1
8,24,31,17,16,5
17,22,9,14,48,10
22,23,8,41,24,7
16,20,19,35,49,3
4,27,10,36,5,9
38,4,45,13,43,10
18,33,10,20,39,3
34,2,8,5,33,10
28,36,5,21,8,8
7,17,22,46,44,6
45,6,8,49,33,9
23,32,48,47,25,5
39,2,16,19,25,1
27,35,26,44,22,10
6,38,7,13,40,3
19,3,1,14,13,6
20,12,36,21,4,3
41,48,22,26,7,2
41,26,23,12,48,4
22,1,40,38,49,9
36,38,31,6,16,1
42,28,30,1,27,5
31,44,29,19,15,10
24,29,4,11,14,1
35,33,42,20,14,4
15,7,42,8,24,9
47,36,43,48,26,6
49,29,2,30,36,7
9,36,25,45,44,10
39,19,13,18,22,6
26,15,22,2,17,7
12,15,36,41,13,9
47,29,24,38,26,7
33,25,36,39,40,9
31,49,34,2,4,4
34,29,4,26,25,2
42,49,39,14,16,6
21,19,28,24,44,5
36,7,48,11,8,3
29,34,18,22,19,1
43,20,46,35,23,6
26,2,28,4,15,2
14,3,20,17,1,1
14,19,17,8,5,9
3,34,42,37,10,2
49,13,4,36,18,5
43,18,11,7,9,10
19,39,27,14,36,8
27,17,9,25,46,6
40,22,20,19,41,2
11,6,49,41,12,1
34,5,14,49,23,6
40,48,44,20,34,2
13,3,1,24,45,1
11,47,13,10,28,6
20,18,44,1,49,7
23,2,5,48,26,5
9,33,34,41,20,8
29,17,40,34,2,10
37,21,38,4,10,5
38,30,27,41,10,4
44,46,1,27,48,10
30,1,28,39,11,6
44,25,2,41,28,9
5,44,24,28,25,3
18,36,13,40,48,4
1,3,31,11,49,1
31,44,48,37,32,9
12,4,38,10,41,3
42,3,15,41,33,3
34,21,9,42,31,8
2,5,3,10,1,4
17,45,26,27,13,6
30,11,35,33,3,2
41,29,19,43,14,9
22,39,4,49,45,6
49,22,14,5,2,4
34,43,23,15,40,3
19,44,37,46,10,10
16,2,34,25,1,5
10,12,7,20,45,7
15,21,20,38,43,1
13,17,28,46,42,2
11,19,33,41,7,3
4,25,42,39,38,7
46,41,24,35,22,10
31,49,7,20,11,7
13,40,2,34,15,8
6,34,12,49,10,7
22,28,42,37,14,10
9,26,47,20,27,7
39,9,3,45,10,7
27,19,5,35,40,9
30,19,37,12,46,9
24,18,22,41,7,3
47,12,14,37,20,6
43,24,12,18,16,10
25,23,5,1,47,1
28,47,40,12,42,1
34,29,47,10,37,10
17,1,6,13,15,2
25,32,8,37,39,10
7,32,4,23,28,1
32,11,8,21,15,6
21,32,8,48,7,4
33,36,48,43,34,10
49,2,17,30,5,2
17,19,23,4,49,3
7,12,39,29,11,2
25,35,22,26,31,6
36,33,31,48,47,7
22,33,14,46,9,8
38,20,33,6,35,2
1,16,49,3,4,4
41,23,15,30,45,7
29,27,2,14,28,9
27,28,13,31,42,6
27,18,8,37,20,4
16,18,15,35,26,7
23,39,37,36,49,8
14,13,4,24,21,1
35,49,18,20,31,3
42,47,28,27,12,5
2,25,43,16,33,9
7,34,42,11,17,6
3,43,48,37,49,2
41,1,30,38,31,10
3,19,10,44,41,7
5,19,21,32,29,3
24,45,14,25,42,9
29,6,9,17,28,2
12,41,38,1,31,4
43,40,2,38,23,8
44,26,41,15,37,8
6,5,17,42,30,1
19,4,20,29,49,9
21,6,45,34,38,4
29,9,26,36,42,1
49,13,6,25,47,4
15,43,1,24,8,2
37,44,14,12,28,5
12,8,11,35,33,9
34,10,22,36,9,4
48,10,49,1,39,1
9,31,24,34,23,9
22,2,3,42,36,9
14,28,37,41,6,5
43,7,5,10,13,4
36,30,33,31,24,1
31,17,2,24,29,1
45,41,37,35,18,3
46,2,30,43,14,8
22,39,31,37,29,8
14,26,4,23,36,1
5,39,32,42,20,7
17,12,36,35,43,3
4,49,38,29,40,3
49,5,19,18,38,10
14,16,2,12,42,7
47,14,42,40,29,4
29,49,38,25,41,2
35,43,37,24,38,2
32,8,3,13,37,4
44,30,26,48,41,1
35,19,37,22,16,2
16,11,29,15,46,4
12,46,40,8,19,8
41,3,8,9,44,10
4,24,29,47,30,3
12,18,30,25,47,2
3,38,4,49,12,2
43,6,30,47,45,5
22,32,42,8,29,3
44,35,49,15,29,3
45,41,12,26,19,7
12,10,22,37,41,10
38,41,39,2,10,5
39,8,22,46,23,3
45,22,37,15,6,5
49,1,34,28,31,4
4,46,8,29,40,3
35,32,29,7,34,10
14,30,48,8,49,1
46,33,30,19,3,5
42,20,2,35,49,3
15,28,43,41,5,4
30,20,29,10,27,6
10,43,21,25,45,5
10,37,28,15,2,2
44,1,49,38,20,3
43,6,10,30,39,5
41,9,43,48,36,2
45,41,5,17,33,9
15,36,38,30,2,2
31,16,33,17,1,3
33,15,23,28,39,1
13,21,25,20,41,4
4,20,13,10,32,1
20,19,40,39,27,8
43,10,20,9,17,7
48,49,3,1,20,7
28,47,41,22,21,5
26,15,10,4,30,5
35,11,49,7,48,7
30,39,3,14,8,10
49,2,35,1,36,4
35,31,26,34,28,5
48,9,18,43,3,2
32,16,8,23,34,4
17,11,27,48,23,1
14,46,5,30,36,6
44,47,20,30,29,1
40,3,22,4,28,2
3,45,47,13,27,4
44,21,29,9,25,7
36,14,9,1,20,2
27,41,38,26,2,7
13,40,24,17,45,3
40,49,34,27,4,2
21,29,7,37,19,2
49,9,28,24,35,4
17,16,14,1,11,10
14,31,46,25,4,5
41,12,33,9,16,1
18,17,27,35,40,6
36,44,21,13,5,1
19,6,34,49,42,10
25,4,18,7,35,4
43,19,30,39,40,4
23,18,7,2,21,6
20,15,27,13,34,1
18,5,33,2,23,4
20,29,21,33,7,1
37,8,49,31,45,7
31,32,12,28,48,3
46,43,41,37,34,10
30,26,44,27,49,1
20,48,34,39,4,10
31,36,4,22,18,7
34,35,23,16,6,8
19,10,26,21,22,9
32,46,6,8,13,10
23,47,41,42,15,4
43,13,10,20,38,1
27,11,16,3,8,6
10,14,43,32,47,10
43,37,20,10,18,8
49,26,28,31,11,7
43,49,40,48,44,8
18,44,2,47,49,2
5,34,47,12,20,3
18,47,49,32,17,3
22,1,44,9,26,10
41,18,13,14,29,3
23,47,16,48,35,10
28,16,39,23,3,10
27,13,19,40,23,5
24,23,30,6,18,7
40,14,46,27,7,5
27,24,37,46,1,1
34,45,18,44,24,8
48,29,2,36,9,10
32,18,17,6,29,9
13,32,12,28,33,6
14,39,24,49,47,4
10,19,47,35,33,2
30,40,13,21,26,5
1,43,24,15,27,7
28,9,37,41,46,10
29,15,1,12,30,1
24,19,10,28,15,9
13,4,21,43,23,10
20,22,46,40,9,7
14,45,29,12,41,7
17,42,44,27,16,8
41,28,17,4,33,5
26,29,9,35,38,5
16,49,10,38,25,9
44,31,26,1,13,6
34,31,25,46,22,6
23,18,10,6,3,4
16,44,2,10,35,6
7,28,27,23,33,1
6,16,31,26,40,7
1,40,17,43,42,10
42,14,15,13,3,7
10,38,20,4,13,4
42,22,47,16,38,1
25,40,30,36,6,8
4,44,32,22,14,2
26,9,45,31,43,1
7,17,29,26,21,7
22,33,31,41,15,4
24,45,19,1,46,3
22,40,23,37,9,4
3,18,13,43,28,5
36,32,11,46,25,7
34,4,5,9,21,7
13,41,34,21,15,8
16,28,36,24,43,6
25,32,4,8,41,10
25,7,13,9,8,9
45,14,1,42,43,9
1,5,43,41,22,4
1,32,8,15,24,6
21,3,9,27,10,4
8,44,29,43,45,6
42,3,36,28,49,7
21,41,32,38,37,9
29,23,22,13,1,1
8,6,36,4,34,5
31,41,32,14,13,10
25,11,7,33,3,6
36,27,8,39,47,3
47,27,5,24,46,2
40,24,22,13,43,3
5,4,23,30,41,4
40,38,32,4,31,4
11,3,30,29,32,1
47,13,30,9,18,3
5,37,16,42,3,1
7,24,18,34,5,5
22,9,42,15,32,6
47,34,45,35,10,9
5,37,45,38,21,2
43,36,8,22,3,3
41,35,47,26,22,5
16,2,28,40,14,1
9,26,8,48,46,7
3,8,40,39,32,1
40,18,39,24,17,1
49,9,35,23,1,1
49,41,8,9,40,3
48,41,37,32,43,7
6,25,21,5,33,1
43,33,36,12,2,5
37,6,15,21,17,4
6,46,47,11,1,5
28,16,37,19,2,10
16,5,41,11,36,5
32,35,19,23,43,10
45,32,19,49,36,7
2,38,43,14,3,4
3,30,10,29,39,10
27,9,38,18,20,1
22,40,21,12,45,8
26,25,12,49,8,1
11,7,43,45,14,3
5,34,42,16,10,10
28,14,39,12,38,10
23,42,11,31,13,4
40,9,22,13,45,5
6,41,28,16,34,4
28,6,7,32,2,4
19,12,28,29,45,4
40,47,38,11,21,6
18,41,39,21,37,9
20,49,14,26,4,2
27,19,5,26,28,9
8,33,22,45,19,6
5,26,30,15,37,4
42,36,1,20,25,10
43,16,4,6,30,9
35,40,6,46,15,7
12,1,32,42,31,1
41,40,28,21,36,10
17,20,15,5,4,5
19,41,5,22,33,1
18,8,5,21,38,7
30,26,48,32,1,10
44,32,25,47,27,7
20,32,9,23,1,1
33,4,12,49,18,9
7,16,48,15,10,7
18,11,41,45,17,2
6,7,39,38,14,7
2,48,16,7,41,8
44,33,5,1,13,2
21,2,48,41,10,6
35,8,6,25,2,8
46,19,33,1,48,4
18,37,17,14,30,5
38,42,1,22,40,7
10,1,42,40,35,5
43,1,37,47,2,8
7,20,35,37,30,6
33,3,47,29,20,4
35,25,18,8,39,9
4,42,29,45,14,8
30,29,17,13,19,9
1,29,45,6,16,5
39,37,34,26,6,7
20,22,44,41,11,8
1,16,20,32,26,7
36,23,45,28,24,3
34,29,41,37,18,5
24,18,19,33,10,4
36,46,38,8,30,1
36,31,1,37,33,6
46,45,8,30,18,1
43,4,39,40,27,8
45,33,20,24,6,6
17,14,2,8,34,7
21,34,27,25,29,3
33,34,19,40,36,5
19,36,20,40,2,2
16,12,45,34,11,9
27,15,16,4,42,4
4,2,48,12,33,9
35,28,46,14,18,1
36,46,29,3,28,10
38,44,20,29,33,8
7,38,16,36,47,6
42,48,32,12,16,9
39,33,12,30,9,4
20,40,30,16,6,3
13,18,8,24,15,6
7,12,4,13,18,9
46,48,14,21,35,1
44,32,8,14,23,8
40,3,35,42,47,7
5,11,20,22,10,3
25,32,35,17,36,7
33,49,44,8,25,1
9,12,40,23,14,8
21,35,19,15,33,4
24,32,22,4,17,8
1,26,18,20,12,2
16,31,6,46,15,5
9,7,14,27,38,9
11,21,39,17,6,7
10,26,45,15,28,9
34,29,45,1,9,5
6,2,44,43,12,5
2,11,21,1,36,1
41,30,17,26,16,9
35,26,45,4,40,3
6,15,24,38,26,5
49,18,28,24,43,7
35,13,7,6,23,2
22,23,35,3,5,7
25,24,44,11,1,3
49,6,25,17,42,6
46,16,20,41,8,8
26,3,2,33,14,7
40,23,30,2,33,1
49,1,9,14,25,10
39,11,5,29,41,7
39,12,38,11,26,10
40,25,2,3,46,9
43,33,32,26,41,10
30,22,5,35,17,2
4,11,38,28,21,7
19,5,41,15,24,5
45,33,16,40,3,4
24,39,11,6,43,4
44,22,33,27,17,9
28,31,23,41,8,7
4,34,40,35,36,5
35,44,29,37,10,4
27,37,19,36,44,3
12,32,29,7,38,1
48,28,9,17,30,7
16,8,17,48,31,4
34,7,43,33,44,9
31,21,37,10,28,8
31,37,24,39,14,7
44,8,24,25,26,5
13,35,30,44,12,2
36,2,7,25,39,4
5,31,21,37,38,6
23,37,8,14,9,7
39,16,19,29,12,8
29,5,24,19,10,1
21,26,37,16,35,8
32,22,17,43,19,1
38,39,3,17,1,1
32,38,26,4,23,2
20,40,46,3,44,4
13,15,3,35,32,1
19,33,29,32,17,2
27,41,23,25,4,1
14,4,38,34,25,9
21,30,8,7,6,3
34,41,48,23,45,7
37,15,9,28,13,2
42,7,36,13,40,2
3,34,2,17,13,9
47,27,25,23,9,3
4,5,20,7,17,3
32,27,8,13,11,4
23,29,40,49,15,5
26,49,45,3,16,9
13,5,43,25,15,10
48,13,15,24,23,7
6,13,40,45,15,4
7,41,31,32,4,9
12,21,39,11,27,9
17,26,39,19,9,10
1,48,13,6,5,9
22,16,11,37,14,1
28,24,3,42,9,9
38,16,32,12,29,8
45,20,21,26,46,3
23,43,22,41,33,4
9,18,3,45,28,5
19,6,38,8,37,2
15,29,42,1,33,7
36,18,37,42,45,8
47,16,10,43,27,2
26,10,9,30,34,2
21,47,24,49,33,3
29,25,14,41,10,4
17,11,41,9,24,6
37,5,1,49,12,7
10,20,18,24,32,9
16,5,46,33,38,5
13,12,34,41,40,7
8,16,44,7,49,6
49,4,40,11,22,5
28,36,42,26,44,4
47,1,45,9,30,10
18,38,5,22,30,2
25,40,21,34,6,7
43,18,17,14,46,2
47,36,42,30,45,5
6,8,42,27,7,1
2,13,19,41,5,5
19,34,26,27,4,6
39,48,19,46,14,2
25,42,1,36,45,7
23,5,2,47,4,7
40,3,7,33,25,1
34,33,18,6,30,2
45,33,7,6,34,3
41,31,40,11,48,5
38,29,20,40,28,9
18,39,2,23,34,6
11,49,36,9,19,6
35,7,32,38,22,6
22,23,45,42,9,8
27,6,16,24,46,5
35,30,10,37,7,6
13,48,40,6,37,7
30,33,22,29,26,9
45,31,15,32,48,5
30,46,47,6,45,6
33,21,37,22,31,4
4,47,21,44,36,3
45,7,11,37,23,4
3,17,31,5,2,9
5,12,32,7,47,6
47,1,2,34,24,1
5,10,25,19,49,8
16,27,39,29,32,5
26,24,11,33,41,9
37,19,32,36,20,4
36,16,4,20,47,8
22,47,45,24,28,2
28,24,36,45,27,8
39,25,16,6,11,6
19,25,12,45,44,10
16,34,28,4,11,1
35,15,48,44,9,6
18,21,19,5,28,2
10,43,6,4,46,10
6,41,16,1,3,1
8,6,27,37,33,7
29,40,39,46,21,8
25,45,20,6,48,7
19,46,17,3,43,5
34,16,21,2,40,7
27,14,37,9,33,7
15,11,9,22,36,8
29,23,41,16,5,1
19,16,46,13,38,7
29,2,41,47,10,1
30,24,5,40,17,7
28,25,24,14,41,5
34,14,11,24,41,5
19,10,32,20,13,2
7,23,11,39,44,8
41,49,1,35,16,4
16,35,37,3,19,3
39,32,24,13,27,2
27,1,47,30,39,4
16,44,25,26,24,1
34,2,40,29,41,6
21,18,47,10,7,1
42,29,38,12,46,9
41,18,40,1,21,6
17,23,37,44,25,9
49,5,34,27,41,7
16,25,14,7,17,7
17,21,43,37,15,2
32,1,49,12,38,8
19,28,43,3,25,9
9,22,43,34,15,4
37,8,1,26,10,4
34,27,22,18,37,3
28,5,22,25,13,10
20,29,26,11,8,9
18,32,40,7,8,5
9,13,2,29,10,9
14,13,18,33,22,7
45,26,33,27,11,2
25,26,42,12,2,7
13,24,2,15,19,5
49,25,12,16,4,4
7,1,10,45,44,9
32,35,42,11,1,4
12,7,10,34,47,7
29,49,34,26,25,6
33,45,17,30,11,6
35,6,38,4,13,3
29,4,6,39,7,3
17,16,14,32,36,6
40,31,38,23,28,3
22,3,1,44,40,3
26,25,4,28,32,5
3,32,6,19,37,2
22,44,40,5,41,6
23,20,30,21,36,9
15,38,41,45,26,3
5,30,17,1,44,1
13,40,37,17,39,6
2,15,7,46,6,5
13,45,1,42,12,4
22,41,5,1,11,7
27,11,40,10,13,7
41,12,6,47,27,3
36,33,15,41,47,5
37,5,7,16,38,3
14,31,1,39,27,6
33,48,20,8,3,10
20,6,16,4,29,1
13,25,14,18,20,6
21,23,12,24,13,6
38,42,35,43,40,4
26,9,34,39,22,1
9,30,13,17,5,3
30,42,38,15,41,3
27,47,40,41,29,7
19,1,35,49,3,9
37,45,23,19,7,10
11,23,48,24,42,2
21,49,22,15,31,1
26,11,3,22,43,6
6,34,22,20,19,5
36,26,18,41,32,4
21,13,26,46,12,10
21,10,37,8,11,9
35,26,29,3,38,1
39,22,32,18,4,4
48,22,10,2,37,4
44,15,20,30,29,7
33,9,34,45,24,6
41,3,48,31,18,10
34,5,3,20,24,3
2,21,13,1,16,2
1,22,45,40,3,1
49,27,15,29,19,1
26,14,31,33,2,10
46,19,45,42,47,8
36,40,27,38,11,8
33,23,3,19,39,2
16,25,1,26,2,9
15,20,45,17,4,9
36,14,49,29,13,6
48,8,18,13,11,8
8,14,43,37,48,5
10,28,4,11,15,4
32,14,49,23,13,1
13,7,31,36,43,9
48,25,16,46,14,10
2,40,4,44,37,5
6,39,31,22,16,7
31,30,28,34,17,3
2,24,3,39,27,8
14,27,11,17,35,4
45,41,33,8,23,1
8,7,19,4,27,1
43,33,39,11,31,10
34,31,9,3,35,5
49,48,5,17,47,6
11,36,10,22,31,1
23,9,22,24,36,5
11,12,46,32,36,6
27,19,12,37,15,3
15,49,24,13,29,3
38,32,10,17,9,3
16,5,49,43,2,7
22,40,1,35,32,8
23,12,47,15,18,6
2,23,8,30,48,5
39,44,48,20,25,6
36,23,1,31,17,4
21,9,33,13,42,4
39,36,29,47,38,8
1,38,19,49,29,8
9,7,44,36,23,7
34,15,26,25,32,4
1,6,12,10,8,8
10,23,2,43,34,5
3,36,30,16,24,9
32,35,17,28,2,2
39,41,16,31,36,5
36,43,42,23,28,4
7,10,28,11,12,8
27,42,33,45,37,2
42,23,13,35,26,5
41,9,37,38,34,5
42,14,21,33,48,1
48,29,1,25,16,1
14,43,26,30,28,8
32,35,31,48,8,1
43,47,38,36,30,5
31,6,49,34,26,1
29,2,42,49,4,2
11,24,1,15,2,9
47,31,16,3,39,1
39,16,6,10,21,5
46,33,31,49,18,1
45,37,22,33,34,5
37,41,27,17,12,10
25,43,18,22,3,7
44,48,13,33,12,7
17,8,23,12,37,2
18,47,11,2,30,5
38,2,13,32,20,10
2,38,44,35,42,9
24,13,47,37,21,7
12,17,46,42,38,8
35,6,2,3,20,1
15,18,17,5,31,7
45,44,32,29,6,7
38,35,23,3,44,8
14,13,18,4,48,10
13,37,27,5,39,3
12,9,20,30,25,5
15,47,16,45,3,7
31,44,21,30,22,7
20,2,7,42,27,5
40,28,27,12,4,1
25,38,14,32,15,3
16,42,36,3,8,3
11,44,33,4,49,9
36,4,41,33,40,6
40,20,46,19,16,4
13,1,27,48,35,7
15,40,1,23,2,4
14,42,5,16,11,3
13,45,18,32,30,2
15,1,28,24,10,5
13,40,41,3,12,7
7,17,22,10,23,5
42,41,7,13,47,5
7,42,39,9,5,3
46,30,12,3,10,2
27,21,19,13,45,2
3,36,47,4,17,4
40,36,38,44,17,1
21,40,49,31,22,4
8,49,29,45,3,9
23,3,8,4,1,8
3,13,4,41,5,9
28,4,27,29,38,2
18,12,1,26,30,9
17,13,15,4,39,4
20,4,19,17,5,10
32,37,43,10,25,3
8,41,20,46,12,1
6,11,7,5,4,10
38,22,3,11,41,7
43,32,18,13,46,5
26,45,18,23,6,6
19,5,38,47,26,7
27,35,42,18,37,3
4,46,41,12,16,6
7,43,23,48,47,9
15,4,31,45,44,6
9,33,10,24,3,6
14,46,31,25,37,4
49,11,26,1,7,5
38,11,37,1,18,4
43,5,14,20,12,3
39,43,10,17,6,3
33,21,26,28,22,5
27,2,23,8,36,9
9,12,43,46,33,10
47,41,9,37,36,8
22,3,18,17,28,6
39,32,44,37,5,5
20,16,40,11,24,5
10,30,45,22,13,1
35,4,27,15,3,2
30,45,32,25,26,5
14,22,47,20,21,9
2,5,3,1,43,9
14,45,34,27,38,3
15,29,38,19,33,3
27,15,35,5,14,10
27,23,16,17,47,1
41,43,9,11,46,8
38,31,35,42,3,8
45,14,26,28,38,5
13,48,3,26,22,7
42,28,37,38,3,8
44,29,11,7,13,2
25,23,4,1,40,2
8,49,42,9,2,3
5,26,14,28,23,6
18,2,21,34,10,2
40,21,28,32,8,9
15,41,18,17,33,9
6,10,22,7,21,5
17,35,24,47,6,8
38,6,33,43,23,1
13,47,22,3,32,6
6,20,31,22,41,8
12,19,1,32,44,3
12,23,37,13,10,7
5,24,7,46,35,3
15,23,27,43,29,10
15,10,16,46,43,1
17,26,34,4,30,9
13,4,24,21,10,5
28,23,3,40,31,1
26,10,11,23,1,8
23,20,32,7,14,4
32,38,36,34,27,7
15,34,22,33,16,9
9,43,3,29,15,8
7,38,23,9,17,5
11,45,44,27,31,2
20,22,40,2,3,7
20,49,40,17,31,6
35,24,10,26,48,1
5,2,33,21,28,10
36,20,21,9,46,6
25,2,49,32,1,6
44,35,32,8,33,9
31,35,40,9,48,1
13,38,2,45,4,2
15,31,41,27,43,7
6,8,49,35,25,1
31,22,37,6,1,7
27,6,44,23,22,3
20,10,13,43,3,5
14,33,44,31,12,8
23,45,6,48,17,1
3,39,6,48,9,4
13,27,6,31,8,7
36,4,12,13,1,4
48,49,36,24,21,5
26,43,6,36,29,8
41,40,30,28,17,7
35,33,40,37,11,4
47,34,12,30,31,10
27,47,4,5,32,5
34,37,10,18,30,2
43,49,46,34,11,3
47,15,46,29,11,3
30,44,42,39,13,9
16,30,29,7,10,5
8,18,36,1,29,9
32,23,9,6,13,4
35,41,40,11,22,7
37,6,16,28,4,8
6,14,49,40,9,3
38,3,9,11,28,1
19,15,44,4,24,1
13,30,33,25,36,9
33,12,24,7,15,6
34,14,32,31,46,3
15,23,16,41,30,8
9,43,15,44,10,5
32,20,22,47,14,5
4,21,17,23,26,2
27,12,11,29,1,2
30,38,4,9,46,10
33,47,14,20,17,1
5,17,25,38,29,2
47,48,20,39,16,4
35,6,9,14,47,9
24,19,35,7,42,3
46,33,15,6,49,1
17,24,28,1,15,10
38,35,4,22,14,5
32,13,15,46,3,5
4,36,40,10,41,10
47,49,9,16,14,7
13,24,33,18,11,7
1,31,38,26,29,5
37,22,46,13,1,9
33,22,9,44,25,3
9,20,35,4,1,8
17,43,23,2,26,3
33,6,43,25,37,1
7,46,31,29,9,8
35,13,16,41,7,1
41,32,33,25,26,3
15,1,23,22,46,9
42,5,12,29,21,2
37,38,2,14,17,1
1,37,25,45,17,9
7,43,33,11,1,1
40,1,30,8,38,6
33,39,25,43,8,8
36,41,45,13,7,5
24,47,21,44,13,3
29,22,17,19,43,8
11,42,9,49,15,3
20,39,33,21,16,2
22,49,28,3,16,4
13,16,18,20,19,2
39,49,23,19,36,3
49,41,9,28,16,5
8,44,14,48,29,7
49,43,46,27,23,6
13,22,40,28,31,9
21,27,9,49,11,5
7,22,8,26,5,2
7,15,18,8,25,6
43,6,46,27,5,7
32,8,46,22,9,8
16,32,44,38,37,3
2,25,44,28,8,4
25,37,7,10,47,10
4,42,37,23,43,7
18,43,16,7,33,5
43,45,21,3,9,1
27,24,16,10,47,5
32,28,47,20,22,6
48,30,5,26,11,1
47,11,15,24,38,6
27,32,12,42,30,7
20,47,49,26,31,10
39,33,43,22,31,10
10,46,2,33,28,8
14,44,28,18,17,2
41,49,42,19,12,8
47,16,11,37,7,10
16,27,41,1,35,1
45,35,24,37,48,2
21,23,19,36,49,4
40,48,15,9,3,10
15,48,23,49,45,2
30,43,48,24,15,7
14,48,44,24,20,10
29,48,42,28,26,1
37,43,31,45,22,5
43,11,14,23,17,10
46,49,32,5,33,1
33,21,49,26,46,1
47,3,35,22,6,1
8,35,29,12,3,1
2,48,40,46,17,10
24,12,17,38,30,7
9,27,26,29,36,5
32,31,44,27,9,8
28,22,27,14,23,4
41,4,35,33,10,5
16,29,31,39,1,2
10,30,18,27,4,1
8,11,12,26,48,6
39,28,3,42,6,5
34,49,9,25,38,1
29,24,4,46,7,10
17,34,27,3,41,4
24,26,35,9,1,4
44,22,17,38,2,8
24,42,16,9,32,3
9,12,29,2,21,7
4,36,11,31,46,10
33,13,49,36,22,4
28,11,2,33,43,1
17,18,36,21,47,6
35,39,20,48,42,2
46,28,21,39,49,1
2,44,41,34,46,2
43,42,9,21,46,6
28,9,35,8,42,6
44,34,25,47,29,9
15,36,28,49,2,3
46,1,24,18,9,7
18,15,1,4,38,6
32,37,16,6,8,7
36,13,44,1,48,2
23,11,43,49,10,10
5,18,26,9,36,9
17,37,23,25,2,7
19,11,8,48,49,7
13,40,2,10,35,1
45,2,1,27,31,8
41,48,18,11,24,2
34,49,36,39,23,8
23,40,26,22,29,5
48,39,24,8,15,8
1,7,38,3,14,5
6,45,19,12,11,10
36,13,24,7,42,4
16,37,18,5,34,5
44,48,7,30,13,7
29,1,39,40,18,2
44,26,18,21,47,3
10,15,43,45,5,9
6,8,31,45,36,9
24,39,2,13,48,1
13,37,48,45,28,9
8,7,22,28,38,10
21,38,32,3,33,10
31,4,14,37,7,8
24,20,31,36,6,4
35,4,14,23,46,7
19,49,31,44,38,3
33,21,41,18,32,9
43,5,23,49,17,4
21,39,5,2,15,10
23,12,15,27,46,6
7,6,41,25,16,5
24,44,18,17,15,6
38,42,28,3,27,9
40,15,16,6,9,6
39,15,23,49,30,5
46,8,26,13,38,2
4,30,13,18,39,1
1,31,11,22,23,1
20,42,43,33,19,5
28,22,7,16,39,7
10,47,20,28,21,6
12,43,7,23,27,6
35,37,41,15,39,4
14,33,39,15,11,6
13,12,3,37,30,8
20,33,46,40,12,6
24,20,22,19,1,6
20,32,36,19,27,7
39,16,47,28,24,9
41,47,22,17,7,6
3,2,29,48,1,9
1,41,13,3,18,1
33,18,19,22,23,1
17,34,23,40,9,9
23,39,36,27,30,2
8,11,7,37,30,3
49,47,42,1,3,7
39,28,15,38,27,10
10,49,26,15,1,7
4,31,11,3,6,1
12,49,8,20,16,5
6,35,36,42,24,2
38,7,48,43,28,5
3,38,1,23,16,3
4,1,21,12,46,8
21,12,20,11,32,4
47,15,49,7,9,7
33,35,40,5,2,4
30,20,16,3,44,4
2,37,43,21,25,9
24,42,4,47,5,6
3,4,38,46,7,2
12,27,38,33,19,7
40,7,21,25,30,1
9,18,43,32,22,1
41,11,4,29,7,4
1,12,23,22,7,4
8,21,4,31,39,2
1,37,17,44,20,8
17,5,12,6,15,1
16,13,1,5,20,2
34,7,27,23,19,7
44,31,7,38,14,1
22,18,33,28,11,2
31,21,8,27,29,10
35,42,7,33,28,10
2,9,17,14,25,9
1,41,32,24,27,9
6,33,17,34,39,5
5,22,31,2,24,6
41,20,16,38,2,9
40,10,29,20,43,7
9,38,18,26,49,8
44,10,18,45,22,6
16,25,14,35,3,3
18,47,7,13,48,4
27,40,3,14,33,9
24,35,45,28,17,6
27,23,44,34,5,1
44,14,26,34,9,9
4,1,23,14,25,10
26,2,20,34,18,1
14,17,35,5,42,1
16,4,10,6,5,3
12,31,32,44,45,2
39,4,8,43,27,3
34,5,28,13,29,4
35,43,9,28,10,8
13,4,3,41,6,8
17,21,22,16,4,1
36,17,42,28,41,4
26,27,49,21,33,7
3,27,41,8,37,2
49,11,41,21,40,4
39,16,46,28,24,4
45,42,27,49,48,7
31,29,41,25,22,5
32,46,13,33,15,10
46,21,32,26,14,6
18,26,47,24,35,1
30,25,34,14,10,9
7,48,5,3,23,7
46,40,6,3,25,4
38,13,33,3,25,3
35,28,15,3,23,10
49,26,35,34,28,4
1,2,26,44,7,9
38,36,49,39,12,10
15,27,48,9,34,6
45,28,22,30,20,3
48,36,13,20,44,1
33,1,23,12,46,1
7,15,11,5,23,1
4,30,29,26,15,3
9,37,21,34,4,2
34,23,49,9,20,8
2,31,49,33,43,9
11,34,38,43,12,3
31,20,45,12,32,8
23,43,37,12,39,8
20,24,30,11,9,1
21,5,2,23,19,7
46,33,10,34,7,6
43,33,48,31,28,7
37,41,27,8,45,6
37,27,30,22,45,3
32,47,45,29,24,10
19,26,23,22,27,2
10,34,15,33,5,7
1,25,10,2,33,4
45,32,15,2,39,10
42,3,39,20,34,2
27,45,35,36,44,2
27,18,20,11,38,6
4,7,11,22,8,5
27,32,5,40,3,9
36,15,24,2,22,8
7,9,29,25,10,6
41,29,14,48,8,10
45,14,41,25,16,10
15,4,21,30,36,4
3,14,34,31,22,7
47,21,48,39,40,5
28,40,10,23,43,9
46,23,29,21,16,4
12,24,18,44,16,4
35,46,10,1,14,8
17,13,31,3,46,5
4,16,34,22,49,10
20,43,47,27,10,3
4,38,12,31,41,8
6,31,40,18,36,7
40,7,41,38,46,5
39,8,13,49,10,10
5,40,15,20,28,10
32,47,10,35,3,3
39,38,7,32,26,9
2,46,27,37,5,4
5,42,1,19,13,3
47,11,29,4,9,8
49,40,21,10,44,2
37,39,9,33,11,8
8,29,36,25,11,2
47,22,24,12,38,1
11,5,20,30,24,8
26,38,14,21,27,4
36,47,17,49,37,10
33,27,2,41,4,5
5,27,2,35,48,3
41,46,2,22,26,5
49,44,31,13,33,9
48,5,15,2,27,8
24,38,8,42,31,7
41,38,10,35,11,3
29,15,1,31,11,8
48,2,5,13,24,4
26,29,34,42,31,10
32,15,19,37,38,1
18,36,20,32,22,7
49,11,13,25,28,5
43,36,31,30,17,8
45,12,30,36,20,6
34,26,37,41,2,4
1,6,19,23,41,6
41,10,48,43,22,3
45,35,34,40,23,5
12,9,21,45,38,6
25,35,33,5,22,9
47,4,38,15,8,7
26,2,23,20,24,8
22,4,27,36,45,3
43,28,22,41,49,4
46,37,44,4,6,2
13,11,22,46,19,3
11,28,12,48,14,2
43,7,48,31,15,3
44,35,4,32,39,10
49,28,18,20,40,1
11,10,41,37,48,4
46,22,10,39,20,4
24,48,32,41,22,1
19,33,41,24,27,9
41,1,18,16,13,3
46,13,48,2,22,1
46,17,36,35,18,4
11,30,44,13,20,9
49,44,31,33,40,1
13,42,40,48,3,4
36,23,24,31,32,8
19,30,5,18,35,2
16,48,18,24,6,9
27,16,12,37,10,9
14,39,17,44,36,5
19,4,2,35,11,5
30,2,38,16,31,5
33,37,32,35,49,3
43,2,33,23,47,2
18,15,12,19,40,5
7,1,26,22,15,3
36,20,42,34,29,4
15,42,41,44,8,10
16,6,36,5,3,10
42,35,31,32,13,5
28,23,18,26,19,9
35,19,6,27,14,10
42,2,44,28,5,8
16,12,27,30,2,2
25,2,4,7,35,3
6,2,44,33,21,4
47,21,25,19,38,4
14,25,47,7,42,5
4,21,46,27,47,6
23,31,15,38,17,4
17,3,38,1,25,8
14,31,7,28,2,3
1,21,28,8,37,2
45,17,27,48,34,2
31,30,9,20,34,10
37,4,12,9,18,3
26,28,36,29,5,4
5,45,22,26,33,9
10,4,5,23,7,4
32,18,8,36,30,5
6,29,3,47,21,3
25,28,39,47,31,8
39,25,10,32,40,10
28,37,44,11,7,3
21,17,29,35,18,6
26,4,27,47,28,8
10,1,19,13,3,4
27,18,49,37,48,10
7,21,29,35,47,6
26,11,38,20,33,10
13,6,2,27,12,10
39,38,8,31,45,8
38,23,41,3,17,3
46,42,1,4,3,3
4,47,43,30,7,10
33,16,1,32,45,6
13,20,10,25,27,2
45,46,4,36,18,5
20,49,31,12,13,2
2,13,20,30,37,6
25,31,45,38,3,9
9,24,18,49,39,8
14,41,9,10,45,1
28,47,26,38,17,7
42,12,9,41,33,1
35,26,13,45,20,3
36,48,14,13,6,2
33,13,28,18,42,9
42,47,2,13,43,10
1,48,27,49,37,1
32,14,43,29,41,1
19,4,10,42,46,5
38,44,46,27,42,1
15,24,37,40,41,4
24,44,34,19,45,2
2,16,4,20,35,5
23,38,5,24,35,3
38,18,3,24,29,9
26,48,25,16,34,8
33,43,39,6,29,2
27,17,26,25,33,2
3,11,35,13,15,3
39,7,21,29,5,7
4,30,15,49,45,3
29,17,34,48,8,3
32,44,40,17,38,6
17,9,1,24,46,8
22,23,14,42,16,5
24,9,26,15,13,9
19,26,13,27,24,7
16,38,18,45,10,3
32,14,35,46,11,10
15,44,41,3,2,3
49,45,25,10,19,1
46,47,23,22,24,2
12,1,40,28,26,6
13,3,21,2,40,8
38,23,45,24,44,6
33,19,1,31,22,1
29,5,20,8,32,3
25,24,16,6,5,1
32,47,43,35,15,10
14,23,15,44,46,5
4,15,11,36,33,2
46,42,38,25,16,9
14,1,34,19,4,2
7,44,37,48,38,7
3,45,13,4,44,5
25,29,8,34,15,1
18,9,11,33,7,9
8,7,25,11,46,7
43,41,29,14,7,3
43,15,13,48,25,5
47,40,45,42,3,9
4,15,21,26,22,10
40,12,37,24,42,1
32,27,5,7,35,3
20,47,15,11,30,9
37,15,30,6,47,6
30,14,12,16,42,2
25,17,41,24,38,10
17,26,30,47,20,6
37,10,39,16,34,7
15,11,10,1,31,3
35,33,44,1,11,10
19,24,11,34,25,8
6,19,46,21,15,10
1,19,12,31,7,10
48,18,40,7,6,7
36,12,29,2,26,7
43,24,34,27,14,10
26,30,42,38,12,5
45,9,5,24,11,10
10,22,34,43,46,2
44,46,31,11,22,5
21,3,25,10,11,3
2,9,25,35,30,9
38,1,3,32,30,6
39,21,45,12,44,5
8,34,16,13,37,10
25,38,11,29,14,8
6,19,41,17,18,9
1,15,9,19,39,5
15,6,3,23,39,2
3,38,30,10,15,6
36,30,34,14,21,2
15,11,5,22,10,5
22,45,20,21,23,10
33,46,21,20,28,7
42,20,27,22,12,7
36,41,15,49,48,5
13,14,37,21,15,7
20,43,18,44,30,7
33,27,3,20,6,8
9,11,39,29,32,8
6,29,8,9,39,2
34,14,2,28,38,4
9,42,24,43,22,7
26,21,36,29,35,9
28,45,34,36,9,6
10,4,29,19,47,6
7,17,31,12,48,8
33,13,7,2,41,1
8,14,25,19,49,5
1,36,45,4,22,8
5,24,38,29,4,3
46,1,4,23,24,2
49,39,8,48,1,9
31,24,11,20,32,8
6,1,40,7,2,4
31,7,15,10,17,4
40,18,15,36,10,3
12,30,17,8,6,3
14,37,39,18,38,9
15,42,4,27,25,5
43,42,8,15,26,5
11,26,1,46,13,5
11,33,24,35,4,9
27,20,19,46,38,10
6,19,22,34,20,10
7,39,34,6,15,1
18,2,15,1,41,10
32,35,11,41,42,6
17,45,19,40,31,1
40,17,24,18,10,2
29,6,15,44,16,3
16,42,12,6,40,3
15,48,42,18,40,10
33,37,31,16,49,8
40,21,47,27,6,8
10,19,21,2,40,6
41,27,44,46,14,5
5,19,29,15,24,8
30,4,37,32,23,6
41,23,9,32,38,3
47,15,45,35,17,4
33,7,13,41,43,2
7,23,13,18,21,10
35,27,22,20,30,3
7,20,41,40,11,6
44,18,9,28,1,10
18,26,27,43,35,7
36,31,9,16,3,1
47,37,45,3,20,3
11,46,1,22,42,4
9,21,19,36,40,1
41,3,34,11,10,10
41,23,16,20,45,5
48,38,36,45,16,8
5,36,23,29,45,7
26,11,9,41,8,10
14,9,21,13,32,5
41,32,49,10,36,10
43,33,8,30,6,3
34,2,7,13,44,8
35,17,8,43,19,9
20,48,15,29,49,1
44,41,49,25,14,4
7,16,5,9,12,10
43,5,33,6,47,2
8,38,48,16,35,2
18,13,31,7,35,4
4,44,41,36,33,6
35,10,25,21,23,10
26,24,2,43,3,8
14,29,3,36,25,9
20,4,46,16,5,5
5,47,30,45,12,9
44,37,7,23,41,8
40,33,23,1,5,8
6,23,9,47,5,10
10,23,35,34,5,6
43,13,10,23,46,6
9,30,47,41,15,5
8,1,14,10,21,10
43,48,49,36,7,7
36,14,40,31,47,2
21,23,5,10,36,1
2,33,20,29,32,8
26,20,2,11,39,5
18,11,38,17,46,8
16,25,6,21,26,5
24,5,49,36,1,7
40,46,32,17,1,8
1,32,20,28,42,6
26,34,10,45,7,7
19,40,22,45,36,6
28,34,18,13,14,2
42,2,41,18,31,8
43,39,15,5,45,10
27,17,37,10,4,10
31,11,44,35,26,9
31,45,21,30,29,2
20,15,27,46,24,10
48,43,36,30,13,9
36,46,13,4,3,10
27,7,10,38,13,8
5,47,23,21,18,6
13,6,18,36,37,5
44,38,25,17,41,9
3,4,8,2,31,9
42,5,49,31,28,7
13,34,39,42,37,3
12,6,9,31,43,3
12,41,2,28,16,1
32,9,8,29,28,2
49,48,14,22,38,9
13,3,44,19,5,4
27,35,48,3,32,9
19,31,2,40,42,5
44,13,17,48,33,3
7,29,1,30,45,7
22,9,23,38,13,4
29,26,16,4,49,1
11,32,27,36,21,6
45,10,9,34,39,10
9,37,35,23,28,5
31,11,16,1,14,2
44,32,27,38,46,7
16,25,40,49,4,3
15,28,22,2,5,2
48,35,20,31,36,10
7,49,18,9,16,3
8,44,37,43,45,2
45,40,17,6,31,9
34,44,27,23,4,4
7,43,10,9,14,1
40,28,35,13,12,8
22,6,48,7,14,8
3,31,6,10,29,8
4,6,44,8,48,10
6,11,13,24,10,9
11,39,48,10,29,9
48,20,15,9,49,6
17,49,24,43,28,8
47,34,26,43,29,4
48,49,10,46,23,8
27,12,38,7,30,1
43,32,15,23,41,8
24,45,39,33,35,1
8,20,3,12,13,4
36,5,6,39,46,6
43,1,48,2,47,10
30,1,10,2,39,8
6,30,40,43,35,3
13,9,17,37,48,1
12,10,16,35,14,6
30,29,24,3,43,5
40,47,48,1,36,3
37,41,13,26,2,5
30,45,49,27,48,1
23,7,38,35,6,7
18,8,26,9,32,1
32,42,12,44,34,5
22,12,47,5,29,8
9,3,19,41,43,8
12,21,47,44,25,3
2,42,6,20,21,8
5,13,25,12,24,7
39,48,30,5,32,8
18,20,38,43,47,3
44,48,6,29,15,4
47,30,6,15,3,9
41,44,8,37,46,3
45,34,20,30,1,9
1,11,28,12,20,7
16,44,3,38,27,7
13,10,16,42,35,4
37,16,17,33,34,6
15,33,22,19,37,4
37,6,4,17,22,6
12,25,37,29,34,9
37,46,4,18,16,5
18,45,4,25,33,1
23,42,48,45,12,9
44,13,19,15,39,1
49,46,28,19,39,4
33,6,27,1,35,9
10,14,1,40,18,7
29,26,7,12,47,9
6,8,20,24,42,6
10,40,35,32,38,3
32,23,16,1,4,7
8,36,43,27,14,5
39,8,40,21,7,7
31,29,25,19,41,4
13,15,39,2,9,4
13,36,41,15,5,10
32,38,36,31,49,1
38,24,42,21,14,4
3,25,30,13,37,2
34,30,9,12,32,7
45,37,47,25,31,7
24,41,45,23,10,1
13,44,35,3,25,2
14,11,38,21,35,3
40,30,16,5,28,9
16,26,6,8,9,7
40,41,5,33,16,2
34,37,24,48,29,2
3,16,31,43,18,5
23,43,17,21,18,4
9,30,46,43,31,10
18,29,17,34,8,6
48,8,10,28,2,2
26,47,16,33,21,8
48,30,37,29,9,1
1,49,5,29,38,9
48,27,23,35,24,5
12,22,34,18,39,6
25,43,18,47,40,9
26,25,40,14,39,3
44,43,49,41,31,5
5,29,4,7,27,5
49,34,37,36,8,10
22,43,36,40,21,5
49,12,17,41,21,7
23,45,36,34,44,3
1,36,9,41,27,1
40,43,39,41,1,9
9,8,28,40,17,8
17,22,18,8,30,5
27,21,22,7,31,10
33,31,28,34,42,3
25,44,6,30,22,7
22,13,1,27,5,1
16,13,9,28,47,10
30,22,20,43,12,9
33,7,47,22,43,6
27,41,34,6,45,5
20,15,27,46,6,3
18,46,37,16,35,6
48,37,46,44,34,9
27,6,8,14,16,5
7,42,28,45,41,9
17,21,31,1,46,5
47,39,38,41,48,9
8,36,46,4,33,7
28,29,41,40,49,5
48,18,3,28,40,7
11,3,20,14,1,2
17,44,18,45,29,5
10,40,42,20,6,10
34,16,44,3,9,3
46,2,44,9,25,9
35,14,10,26,25,5
2,49,9,38,18,8
2,5,8,43,49,1
43,25,28,2,11,5
42,39,28,13,40,1
33,18,1,30,6,2
25,5,46,36,31,8
16,21,34,48,24,3
1,39,31,13,42,7
40,16,46,42,47,2
26,10,6,41,3,9
